asin,price
5555991584,9.49
B0000000ZW,23.64
B00000016W,9.49
B00000016T,14.63
B00000017R,8.99
B0000001P4,13.98
B0000002HZ,15.48
B0000002J9,11.88
B0000002ME,8.94
B0000002O5,13.31
B0000002JR,15.1
B0000003S0,14.0
B0000004UU,8.2
B0000004VW,7.98
B0000004VK,5.99
B0000004XH,9.9
B0000004UM,5.99
B0000004UO,9.96
B0000004VN,23.88
B0000004TW,9.99
B00000050R,9.67
B0000004X1,5.8
B0000004YH,9.99
B000000509,9.99
B00000051K,8.99
B00000050T,7.29
B00000050N,9.99
B00000052P,9.99
B000000548,9.99
B000000518,14.0
B0000004ZO,9.91
B00000052Y,12.99
B00000053Q,9.24
B00000053B,12.49
B000000545,9.99
B00000054H,13.08
B00000053X,12.48
B000000559,9.74
B00000054A,19.99
B00000053G,29.95
B00000055E,17.36
B0000004YB,9.85
B000000536,17.95
B000000541,6.99
B000000504,30.87
B00000052I,8.76
B00000051I,8.99
B0000005XM,14.01
B00000064E,9.9
B00000064F,8.99
B00000064G,29.99
B0000008ZY,14.43
B0000009AN,40.78
B0000009OU,7.99
B0000009QO,9.49
B0000009UX,13.63
B0000009UZ,9.49
B0000009UW,23.96
B0000009V1,15.23
B0000009UT,25.06
B0000009YB,9.49
B0000009QT,6.99
B000000D7C,4.99
B000000EDW,9.49
B000000EE2,9.49
B000000EE4,9.49
B000000F52,16.88
B000000FG5,9.49
B000000HHU,8.99
B000000HJO,5.99
B000000HLL,9.49
B000000HKV,11.67
B000000HQ1,12.72
B000000HRS,23.96
B000000HRP,12.9
B000000I0D,7.99
B000000I0G,9.49
B000000I2R,11.82
B000000I0H,9.49
B000000IDJ,12.51
B000000IRN,7.99
B000000ISE,9.49
B000000IS5,6.99
B000000NN1,7.99
B000000OB7,10.0
B000000OMB,7.3
B000000OOE,4.99
B000000ORH,5.0
B000000OPC,6.5
B000000ORL,7.4
B000000OPZ,7.37
B000000OQS,9.49
B000000ORX,15.0
B000000OQL,7.38
B000000ORE,7.29
B000000OPM,8.99
B000000ORJ,10.3
B000000OT3,10.79
B000000OT5,9.49
B000000OQW,5.98
B000000OSL,7.38
B000000OQ5,7.25
B000000OVC,6.05
B000000OUJ,10.99
B000000ORB,5.0
B000000OSU,7.42
B000000OXD,7.98
B000000OU9,19.52
B000000OWM,11.18
B000000OME,14.98
B000000OYK,9.8
B000000P0N,8.99
B000000OUU,10.69
B000000OWT,9.99
B000000OWW,19.97
B000000OYB,9.49
B000000OYQ,10.28
B000000P0G,6.32
B000000TDH,17.99
B000000VC2,7.99
B000000W2Z,13.22
B000000W54,11.79
B000000W6X,11.29
B000000W7W,13.57
B000000W7O,13.37
B000000W98,12.98
B000000WBB,21.96
B000000WCT,14.92
B000000WGX,7.98
B000000WGZ,8.36
B000000WCV,9.9
B000000WHB,8.9
B000000WGN,39.99
B000000WHW,9.49
B000000WGP,9.53
B000000WGF,7.98
B000000WJ5,3.99
B000000WJA,4.0
B000000WH4,11.49
B000000WZ4,5.99
B000000Y1H,4.45
B000000Y2R,11.9
B000000Y1W,9.49
B000000Y5M,12.58
B000000Y5Y,9.33
B000000Y52,9.99
B000000YDT,8.99
B000000YES,16.08
B000000YAL,7.99
B000000YGZ,14.98
B000000YG5,5.85
B000000YIQ,9.99
B000000YFK,14.98
B000000ZHM,12.42
B000000ZGT,9.49
B000000ZHQ,9.49
B000000ZGO,14.98
B000000ZKD,21.54
B000000ZMS,23.74
B0000011MD,16.29
B0000011N5,37.96
B0000011P7,7.99
B0000011XM,17.51
B0000012T3,8.33
B0000013GB,8.88
B0000013GT,7.98
B0000013GH,9.14
B0000013G5,6.1
B0000013GL,6.77
B00000163G,14.99
B00000189I,13.0
B0000019GE,14.54
B0000019KE,8.7
B0000019KU,13.79
B0000019HU,12.83
B0000019KZ,15.18
B000001A5Z,7.24
B000001A6X,14.49
B000001A6N,9.49
B000001A8T,21.99
B000001A9C,17.48
B000001AAT,7.44
B000001A8C,9.0
B000001AA2,9.49
B000001A8H,9.49
B000001A5X,3.99
B000001ADF,10.0
B000001AEL,9.95
B000001AFF,7.86
B000001ABG,9.49
B000001AFH,15.49
B000001AAF,14.98
B000001AAB,5.94
B000001AFY,15.49
B000001AH0,6.44
B000001ADD,10.18
B000001AK5,5.0
B000001AEE,7.27
B000001AJO,8.99
B000001AJU,10.18
B000001AHX,9.49
B000001AKR,8.99
B000001ALK,11.53
B000001AKT,51.14
B000001AMX,38.1
B000001ANR,9.44
B000001ALI,9.69
B000001AJI,10.18
B000001ANM,35.97
B000001AJK,2.99
B000001AM7,9.49
B000001BZT,8.0
B000001D7E,8.99
B000001DQG,7.98
B000001DSD,9.49
B000001DUK,7.39
B000001DUP,7.99
B000001DU5,15.02
B000001DVR,9.99
B000001DWX,7.37
B000001DXH,27.52
B000001DYH,9.49
B000001DZ6,4.78
B000001DVP,7.08
B000001DZU,5.98
B000001E0O,17.95
B000001DYS,11.18
B000001DZO,35.0
B000001E44,7.32
B000001E56,10.23
B000001E58,8.39
B000001E0U,7.74
B000001E54,12.0
B000001E0S,7.41
B000001E46,8.99
B000001E8L,5.99
B000001E5X,7.35
B000001DYY,12.28
B000001EDN,14.53
B000001E0Q,7.37
B000001EEP,9.49
B000001EC1,8.8
B000001EFF,14.04
B000001EGC,4.99
B000001EGI,9.94
B000001EG2,7.98
B000001EG6,7.98
B000001EG8,7.98
B000001EE8,24.11
B000001EIW,13.99
B000001EJU,7.98
B000001EGA,4.99
B000001EKE,5.99
B000001EGE,7.98
B000001EM3,9.99
B000001EIU,20.06
B000001EP1,10.98
B000001EOG,6.99
B000001EW7,13.52
B000001EW3,9.5
B000001EXB,6.56
B000001EUP,7.24
B000001EWU,5.0
B000001F4Z,5.99
B000001F2S,7.98
B000001F00,9.49
B000001F38,8.99
B000001F6A,17.99
B000001F4T,23.96
B000001F4X,10.78
B000001F66,9.49
B000001F4B,5.82
B000001F9J,9.49
B000001EYI,18.98
B000001F6G,13.99
B000001F5Y,7.38
B000001FA7,6.99
B000001F7V,12.98
B000001FAO,9.49
B000001FC0,16.99
B000001F8P,14.98
B000001F9P,7.31
B000001FCM,23.96
B000001FE0,10.49
B000001F6P,10.0
B000001FAG,9.49
B000001FCB,11.88
B000001FCK,7.25
B000001F60,8.99
B000001FIH,9.49
B000001FD5,9.49
B000001FFJ,8.64
B000001FJV,4.09
B000001FJY,6.44
B000001FKJ,7.29
B000001FKH,7.47
B000001FJW,12.49
B000001FNE,9.49
B000001FOJ,11.18
B000001FND,10.78
B000001FT9,18.53
B000001FT2,7.34
B000001FQI,9.49
B000001FU9,19.96
B000001FU5,13.48
B000001FPI,7.31
B000001FVL,7.99
B000001FU6,7.98
B000001FTX,8.68
B000001FUB,5.98
B000001FXV,9.49
B000001FUF,7.54
B000001FWQ,11.98
B000001FZ6,13.79
B000001G09,13.98
B000001FTS,7.99
B000001G07,7.22
B000001FYF,10.98
B000001FZW,5.12
B000001G03,7.25
B000001G0U,4.99
B000001G0E,7.26
B000001G0Q,29.99
B000001FZH,9.99
B000001I0O,9.54
B000001I0C,7.38
B000001I0R,10.18
B000001IPS,12.8
B000001IU1,12.75
B000001O4U,9.49
B000001PGZ,8.91
B000001QJN,16.78
B000001UNF,9.49
B000001U4Y,7.27
B000001UK0,8.99
B000001UKE,8.99
B000001Y15,9.49
B000001Y13,8.76
B000001Y5B,6.56
B000001Y1B,13.72
B000001Y3J,8.99
B000001Y47,11.99
B000001Y5D,7.32
B000001Y4M,9.5
B000001Y5F,7.34
B000001Y61,10.75
B000001Y4W,7.38
B000001Y73,7.35
B000001Y57,7.29
B000001ZCS,9.49
B000001ZBL,16.3
B00000203G,15.86
B00000235Q,9.49
B0000024I7,10.71
B0000024JD,12.85
B0000024IB,10.29
B0000024IS,12.7
B0000024L0,10.39
B0000024IY,9.62
B0000024LT,9.49
B0000024JZ,7.4
B0000024LW,10.98
B0000024MZ,14.99
B0000024LN,11.04
B0000024KT,9.49
B0000024KQ,14.19
B0000024IE,7.27
B0000024MU,12.06
B0000024II,10.0
B0000024S9,9.99
B0000024T5,8.57
B0000024SN,9.99
B0000024JN,10.0
B0000024VP,9.99
B0000024TT,16.93
B0000024PC,9.99
B0000024VV,11.98
B0000024UX,12.22
B0000024WW,9.99
B0000024VT,9.99
B0000024VQ,11.98
B0000024ZQ,7.92
B0000024YL,16.99
B000002510,19.96
B0000024WG,11.65
B0000024ZC,31.4
B0000024ZV,9.68
B0000024XY,9.99
B000002537,8.99
B000002539,9.99
B00000251D,8.99
B00000253N,6.67
B00000253J,10.68
B0000024ZF,6.99
B0000024WV,10.69
B00000255B,8.99
B00000252W,25.0
B00000255A,9.99
B00000254I,7.92
B00000256E,5.85
B000002562,7.99
B00000250W,9.83
B000002564,19.99
B00000257B,8.99
B00000259D,6.71
B000002563,9.95
B00000258G,12.99
B00000259L,8.3
B0000025AD,4.7
B0000025AM,19.96
B00000256G,7.54
B0000025BE,9.99
B0000025BA,5.12
B0000025BT,7.99
B0000025CY,10.82
B0000025BF,11.98
B0000025AK,4.74
B0000025D3,8.99
B0000025BY,9.44
B0000025CM,21.95
B0000025A7,20.95
B0000025AS,5.99
B0000025DR,11.18
B0000025DD,8.91
B0000025F7,9.99
B0000025B9,12.94
B0000025BH,8.99
B0000025EN,8.99
B0000025C3,11.88
B0000025H2,29.99
B0000025FG,27.99
B0000025GB,12.23
B0000025DT,5.99
B0000025CO,16.99
B0000025HK,9.99
B0000025IA,11.95
B0000025ED,12.9
B0000025FJ,11.16
B0000025HE,15.95
B0000025K6,8.99
B0000025GT,15.06
B0000025KF,12.99
B0000025L7,7.68
B0000025LB,7.99
B0000024ZL,9.99
B0000025NU,4.51
B0000025GR,15.94
B0000025NB,4.99
B0000025OA,5.99
B0000025NJ,18.52
B0000025JT,7.98
B0000025OL,14.61
B0000025HY,19.95
B0000025OY,7.0
B0000025R3,14.99
B0000025JY,19.52
B0000025RM,8.91
B0000025RD,6.69
B0000025OR,5.99
B0000025UL,7.95
B0000025RI,5.0
B0000025TB,8.99
B0000025UZ,13.9
B0000025ON,6.64
B0000025YM,9.99
B0000025YO,9.99
B0000025VL,11.99
B0000025YF,5.99
B0000025V4,20.0
B0000025VC,8.91
B0000025WY,8.68
B0000025WQ,14.99
B0000025Z4,25.0
B0000025V1,9.99
B000002605,6.88
B0000025Z8,8.99
B0000025XA,12.94
B0000025XT,9.9
B00000261U,11.98
B00000261N,8.91
B00000261P,8.82
B000002610,9.99
B0000025ZZ,9.99
B0000025VH,9.99
B0000025YB,16.12
B00000263P,19.96
B00000260Q,11.98
B00000263H,8.91
B00000264F,9.9
B000002652,11.98
B000002638,11.98
B00000264E,7.49
B00000266C,7.94
B0000025ZB,3.7
B00000266N,12.94
B00000269M,34.99
B000002631,6.94
B00000268T,20.55
B00000266K,6.69
B0000026BA,9.99
B00000267I,3.99
B0000026CZ,9.99
B0000026IC,0.99
B0000026IF,9.99
B0000026IJ,9.99
B0000026KO,11.98
B0000026HY,27.49
B0000026L1,39.19
B0000026LT,8.99
B0000026J6,11.85
B0000026KZ,8.99
B0000026M1,2.99
B0000026QU,11.98
B0000026RS,9.99
B0000026SF,8.99
B0000026QS,7.99
B0000026TQ,4.99
B0000026W6,27.49
B0000026WD,9.99
B0000026T4,5.0
B0000026UV,8.99
B000002728,8.99
B00000272N,4.99
B00000273U,4.99
B000002735,59.99
B000002757,16.99
B00000273W,9.99
B0000027DL,6.78
B0000027DJ,8.99
B0000027E4,11.98
B0000027H0,9.43
B0000027HU,4.65
B0000027H5,15.91
B0000027S9,13.57
B0000027RY,11.99
B000002879,6.74
B000002859,15.66
B0000028QO,9.99
B0000028PD,9.99
B0000028SB,9.95
B0000028RG,30.43
B0000028RR,7.21
B0000028XW,9.99
B0000028W9,7.22
B00000294R,9.35
B00000295Y,7.98
B000002962,8.45
B00000295A,11.98
B0000029AS,7.98
B0000029AN,7.98
B0000029B3,32.37
B0000029B0,4.99
B0000029BG,9.69
B0000029AW,9.86
B0000029DD,4.99
B0000029AP,9.38
B000002977,4.48
B0000029FW,13.95
B0000029AL,7.99
B0000029AU,8.99
B0000029I0,17.99
B0000029GI,11.64
B0000029J5,4.99
B000002A5J,3.99
B000002A4G,9.99
B000002A5E,9.99
B000002AAJ,7.98
B000002ACB,9.99
B000002AAL,24.99
B000002ABF,40.95
B000002AEN,5.99
B000002AH6,8.72
B000002AHQ,9.99
B000002AI3,13.07
B000002AIB,6.99
B000002AGW,6.99
B000002AMJ,9.99
B000002AI9,7.99
B000002AP1,39.99
B000002ASA,4.99
B000002AVB,12.94
B000002AXG,12.83
B000002AV5,10.99
B000002AZP,9.99
B000002AZX,25.95
B000002AZY,7.99
B000002B0J,8.4
B000002AZZ,9.99
B000002B0S,16.8
B000002B8A,12.15
B000002BA5,7.77
B000002B2N,9.99
B000002B56,11.98
B000002BGY,8.99
B000002BHM,4.22
B000002BE9,8.99
B000002BFL,11.99
B000002BLH,7.95
B000002BOJ,6.42
B000002BTF,8.99
B000002BSG,5.21
B000002BZ6,14.14
B000002BVN,18.54
B000002BRB,9.99
B000002BZD,6.99
B000002BSF,4.54
B000002C2E,8.29
B000002G0O,9.49
B000002G1R,9.49
B000002G2R,10.83
B000002G3A,9.49
B000002G6J,11.95
B000002G7G,7.31
B000002G1T,6.43
B000002G8H,15.5
B000002G77,17.09
B000002GA9,9.49
B000002GAS,7.39
B000002GAF,7.37
B000002GBH,10.77
B000002GAG,9.49
B000002GC0,12.42
B000002G50,10.0
B000002GBL,9.49
B000002GA0,6.52
B000002GE7,10.14
B000002GC2,6.88
B000002GC4,7.35
B000002GDL,13.98
B000002GE1,7.25
B000002GAC,12.79
B000002GDF,7.73
B000002GF0,5.64
B000002GHS,9.15
B000002GCW,29.94
B000002GFW,15.0
B000002GFU,29.39
B000002GIG,9.49
B000002GFQ,5.99
B000002GGU,4.85
B000002GCP,23.96
B000002GHB,5.8
B000002GLI,7.37
B000002GK7,13.56
B000002GK1,6.66
B000002GQI,9.49
B000002GQK,11.98
B000002GOZ,7.31
B000002GKT,7.02
B000002GXO,9.69
B000002GQE,9.49
B000002GXQ,11.04
B000002GYW,9.95
B000002GXD,4.98
B000002GXG,33.0
B000002GX2,9.38
B000002GZ1,6.99
B000002GYQ,19.52
B000002GYN,9.19
B000002GYL,10.27
B000002GVS,8.99
B000002GXC,7.92
B000002H1C,10.88
B000002GXU,16.44
B000002GQH,11.49
B000002H1H,12.5
B000002GWZ,7.99
B000002GJB,12.02
B000002H3D,11.18
B000002GX3,7.18
B000002H1T,5.0
B000002H2J,13.97
B000002GXX,11.26
B000002GXL,7.32
B000002GVW,7.98
B000002H6S,9.49
B000002H7I,7.91
B000002H84,12.14
B000002H58,13.98
B000002H8I,15.39
B000002HB0,54.99
B000002HAJ,26.29
B000002H72,9.49
B000002H8B,10.95
B000002HAH,7.92
B000002H9V,16.99
B000002HCV,9.49
B000002HAR,13.98
B000002HBA,14.99
B000002H8P,13.98
B000002HCM,25.0
B000002HF0,9.49
B000002HDG,7.17
B000002HFN,5.99
B000002HGD,14.99
B000002HAL,5.05
B000002HDL,7.99
B000002HHP,11.19
B000002HKC,7.67
B000002HM0,9.49
B000002HK2,18.01
B000002HN0,13.98
B000002HKA,9.78
B000002HKU,9.49
B000002HM6,9.49
B000002HRC,4.99
B000002HQD,9.49
B000002HQ3,23.89
B000002HQY,11.79
B000002I2W,8.91
B000002I4U,9.49
B000002I2R,7.99
B000002I60,6.99
B000002I55,11.49
B000002I95,8.99
B000002I3M,13.98
B000002I8D,5.0
B000002I9H,9.49
B000002IG4,11.55
B000002II2,17.36
B000002IH5,5.85
B000002IHQ,5.0
B000002IHD,11.04
B000002IH3,13.98
B000002I7U,7.99
B000002IJG,20.56
B000002IIQ,13.05
B000002IIL,6.63
B000002IH8,9.49
B000002IOW,5.57
B000002INL,19.98
B000002IPC,23.49
B000002IP1,9.45
B000002INP,10.0
B000002IOT,12.98
B000002IR9,12.98
B000002IQ9,4.64
B000002IRM,14.04
B000002ITU,13.98
B000002IT2,9.91
B000002IR7,12.98
B000002IQI,7.74
B000002IRW,28.49
B000002IYI,18.48
B000002IXU,12.25
B000002J11,10.75
B000002IXB,9.49
B000002IWU,10.12
B000002IWQ,14.99
B000002J2Z,15.07
B000002J2S,5.0
B000002J4R,18.93
B000002J90,4.22
B000002J5U,19.52
B000002J5S,11.3
B000002J88,7.8
B000002JB3,6.71
B000002JAI,14.99
B000002JBB,12.95
B000002J8Y,11.13
B000002JJU,13.97
B000002JKX,12.23
B000002JKY,9.49
B000002JQR,10.49
B000002JN4,11.29
B000002JN6,12.98
B000002JV1,13.98
B000002JO2,20.78
B000002KAP,9.49
B000002K9P,9.49
B000002KBB,7.42
B000002KC2,13.99
B000002KDB,9.49
B000002KC4,9.49
B000002KCO,15.99
B000002KBA,19.0
B000002KC5,17.59
B000002KBR,4.95
B000002KBK,14.43
B000002KE5,8.52
B000002KBW,20.62
B000002KE4,7.99
B000002KEI,10.46
B000002KDQ,5.99
B000002KEJ,12.04
B000002KA5,7.87
B000002KD5,7.99
B000002KHB,11.48
B000002KF2,20.89
B000002KHQ,5.0
B000002KH1,6.99
B000002KEV,7.16
B000002KEN,7.37
B000002KGE,13.98
B000002KJ4,13.04
B000002KE7,19.05
B000002KFT,5.0
B000002KH3,3.99
B000002KFV,12.98
B000002KIP,19.23
B000002KK1,8.91
B000002KJY,12.98
B000002KEP,6.29
B000002KLC,7.99
B000002KKD,6.46
B000002KL7,12.1
B000002KKX,9.69
B000002KKN,5.99
B000002KNM,25.93
B000002KLM,7.64
B000002KLZ,13.69
B000002KFN,10.0
B000002KK2,5.0
B000002KNL,13.98
B000002KMI,14.42
B000002KNO,9.49
B000002KJ1,12.98
B000002KNG,12.38
B000002KME,8.99
B000002KO5,9.49
B000002KOQ,7.98
B000002KN3,17.2
B000002KLL,11.88
B000002KO1,9.05
B000002KLN,9.99
B000002KYO,18.52
B000002KXX,7.98
B000002KYU,9.49
B000002KOA,8.65
B000002KYC,15.72
B000002KXO,10.99
B000002KOS,11.22
B000002KYY,8.99
B000002KZQ,11.49
B000002KZR,9.99
B000002L22,9.49
B000002L3P,12.95
B000002L64,6.99
B000002L7Y,14.49
B000002L6Z,9.4
B000002L70,12.21
B000002L94,9.49
B000002LB7,9.49
B000002L75,12.98
B000002L7G,9.49
B000002LAK,9.49
B000002LBX,10.11
B000002L8T,9.49
B000002L66,5.0
B000002L8Z,9.89
B000002L5U,5.82
B000002L7Z,11.04
B000002LBT,13.95
B000002LA4,4.7
B000002LBM,14.79
B000002LBW,9.99
B000002LAC,4.99
B000002LBY,19.36
B000002LC6,9.49
B000002LCQ,9.21
B000002L82,20.24
B000002L8V,7.32
B000002L4I,13.03
B000002LE9,12.5
B000002L86,12.98
B000002LAT,12.98
B000002LBV,9.99
B000002LFJ,15.72
B000002LFG,9.49
B000002LFZ,9.0
B000002L9B,7.04
B000002LE6,16.35
B000002LD5,12.98
B000002LD2,9.99
B000002LEO,13.98
B000002LJF,18.37
B000002LJA,19.75
B000002LGU,23.46
B000002LGQ,6.35
B000002LKN,9.49
B000002LLA,9.97
B000002LH9,11.74
B000002LM3,10.7
B000002LM7,9.49
B000002LMO,34.99
B000002LKU,12.98
B000002LGL,9.49
B000002LOO,20.64
B000002LP2,10.83
B000002LQR,10.89
B000002LN4,13.98
B000002LN0,29.99
B000002LP7,15.39
B000002LSO,12.98
B000002LTK,39.99
B000002LNG,7.98
B000002LS0,10.46
B000002LSF,5.08
B000002LO1,9.49
B000002LT6,13.98
B000002LTY,17.99
B000002LUY,11.26
B000002LRX,12.82
B000002LRZ,10.0
B000002LSV,16.99
B000002LSJ,4.43
B000002MBG,7.99
B000002MFN,9.82
B000002M32,24.99
B000002MH5,24.18
B000002MJ0,7.98
B000002MI4,18.36
B000002MHW,28.49
B000002MFQ,13.18
B000002ML7,8.67
B000002MKD,2.99
B000002MJ8,19.52
B000002MME,9.49
B000002MMJ,13.41
B000002MNF,16.52
B000002MQL,9.49
B000002MP6,9.49
B000002MTC,13.98
B000002MPB,32.95
B000002MII,9.49
B000002MSS,18.98
B000002MTN,6.99
B000002MTI,11.12
B000002MYC,8.85
B000002MUG,11.99
B000002N00,17.97
B000002MVO,20.5
B000002N1I,9.49
B000002N1Z,17.49
B000002MUW,4.73
B000002N3F,24.9
B000002N25,8.74
B000002N2T,15.78
B000002N0B,15.36
B000002N2B,12.98
B000002N1D,13.02
B000002MST,19.55
B000002N61,9.49
B000002N5X,16.97
B000002NAV,7.98
B000002NAA,4.99
B000002N67,15.39
B000002NC4,19.71
B000002N56,9.49
B000002N51,15.39
B000002NDY,14.81
B000002NAO,15.58
B000002NC2,19.97
B000002NGP,13.55
B000002NF8,4.22
B000002NBY,6.98
B000002NIL,15.76
B000002NET,9.49
B000002NIW,7.98
B000002NGD,21.95
B000002NG7,12.98
B000002NJS,4.73
B000002NZR,7.39
B000002NZO,10.99
B000002O05,19.99
B000002NYW,16.97
B000002O2M,7.01
B000002O1Y,9.96
B000002NX9,7.27
B000002O4I,11.49
B000002O2B,9.79
B000002O5T,8.99
B000002O9D,7.35
B000002O6A,7.46
B000002O8D,5.0
B000002OC1,8.19
B000002O8V,13.98
B000002O6V,7.93
B000002OIQ,7.98
B000002OHC,9.49
B000002OF7,7.35
B000002OJ5,4.87
B000002OIC,13.17
B000002OJZ,7.13
B000002OMN,5.0
B000002OG8,12.98
B000002ONC,15.71
B000002OMJ,7.72
B000002ON0,12.73
B000002OJ4,14.98
B000002OME,5.0
B000002OPL,12.07
B000002OLW,8.99
B000002OQH,5.4
B000002OQ3,4.99
B000002OQ6,7.99
B000002OS8,18.98
B000002OMU,11.38
B000002OR0,5.99
B000002OQU,12.98
B000002OVJ,7.39
B000002OWQ,9.82
B000002OU3,7.35
B000002OWN,29.99
B000002OYB,9.49
B000002OZS,8.39
B000002P22,11.07
B000002ONY,5.99
B000002P1B,6.59
B000002P3W,9.49
B000002P5W,25.0
B000002P5R,19.99
B000002P2E,6.82
B000002OWD,4.8
B000002P8G,7.35
B000002PAW,7.31
B000002PAF,5.99
B000002PBH,7.5
B000002PBC,6.34
B000002PBF,12.25
B000002P8I,23.27
B000002PBY,7.39
B000002P64,9.0
B000002PCV,7.35
B000002PCN,18.0
B000002PBW,7.39
B000002PBO,5.98
B000002PD8,10.75
B000002PBN,6.19
B000002PB1,7.36
B000002PCM,12.11
B000002PEJ,9.49
B000002PBX,5.49
B000002PBZ,7.22
B000002PER,9.95
B000002PCQ,5.98
B000002PFC,9.99
B000002PBS,8.8
B000002PH1,9.99
B000002PHQ,7.27
B000002PHV,7.31
B000002PD7,8.99
B000002PH8,7.48
B000002PFV,22.35
B000002PHA,8.99
B000002Q7Y,8.09
B000002Q88,7.89
B000002PC1,7.27
B000002Q7A,7.0
B000002QMB,7.98
B000002Q40,38.72
B000002QTD,7.39
B000002QW2,7.99
B000002R0R,9.49
B000002R0S,9.49
B000002R0P,29.9
B000002R0W,9.49
B000002R0O,12.49
B000002R4S,19.96
B000002R26,6.99
B000002R29,5.99
B000002R4Q,5.99
B000002R9X,6.99
B000002T0V,7.49
B000002TGF,7.89
B000002TNC,6.99
B000002TO4,9.11
B000002TP7,10.04
B000002TQS,9.49
B000002TSU,9.49
B000002TWN,7.98
B000002TYO,8.94
B000002U3B,9.97
B000002U84,35.0
B000002U8M,11.49
B000002U4U,39.5
B000002UBL,6.49
B000002UCL,29.95
B000002UBU,17.75
B000002UE9,16.97
B000002UFV,11.98
B000002UP9,7.92
B000002ULS,13.68
B000002UPA,6.99
B000002UPC,27.99
B000002UQX,9.0
B000002UQN,9.63
B000002UST,11.1
B000002UUM,34.99
B000002UUF,6.88
B000002UXM,11.4
B000002VC3,30.1
B000002UZR,9.49
B000002VCZ,19.96
B000002VEN,12.99
B000002VFA,16.99
B000002V1I,8.29
B000002VH6,4.49
B000002VKW,16.99
B000002VL5,9.99
B000002VGE,9.99
B000002VCN,34.8
B000002VN7,24.18
B000002VMH,12.95
B000002VFW,18.35
B000002VLB,11.32
B000002VT3,9.99
B000002VHQ,18.72
B000002VMJ,9.95
B000002VS3,11.88
B000002VOU,18.46
B000002VOS,7.95
B000002VS5,9.99
B000002VSY,9.99
B000002VP3,4.7
B000002VT6,13.24
B000002VUG,11.43
B000002VSH,9.68
B000002VOY,11.99
B000002VTP,2.99
B000002VTL,9.0
B000002W7W,10.99
B000002VRQ,35.71
B000002VTV,9.99
B000002W6Q,9.99
B000002W8I,12.99
B000002W0Z,6.19
B000002W7R,9.99
B000002W21,11.98
B000002W7S,10.95
B000002W70,40.66
B000002W79,34.99
B000002W7V,9.0
B000002W7N,9.99
B000002W6H,9.99
B000002W93,6.59
B000002WCG,21.59
B000002WCL,17.99
B000002WEA,24.98
B000002WF8,70.0
B000002W5F,29.12
B000002WD4,26.87
B000002WA5,3.99
B000002WPP,16.47
B000002WR5,8.9
B000002WVU,9.95
B000002WPK,3.99
B000002WZM,8.99
B000002X0Z,9.99
B000002WYW,16.99
B000002X1I,8.68
B000002X40,9.99
B000002X27,34.99
B000002ZD5,9.49
B000002ZCC,13.94
B000003114,11.33
B0000032EZ,9.49
B0000032HM,8.99
B0000032GH,12.98
B0000032UK,10.49
B0000032UW,9.49
B0000032UL,13.49
B0000032Y0,7.99
B0000032V8,7.99
B0000032XY,7.0
B0000032ZU,4.99
B00000331N,9.49
B0000032XU,4.99
B0000032ZS,12.97
B00000335K,16.56
B00000335M,9.49
B00000335L,22.29
B00000337G,7.98
B000003381,19.05
B00000337Z,7.88
B00000335I,10.0
B0000033E5,9.49
B0000033FZ,15.39
B0000033G0,13.98
B0000033GN,28.49
B00000335J,9.49
B0000033K4,12.84
B000003439,5.0
B0000035DC,6.99
B0000035HB,9.49
B0000035F5,12.88
B0000035FO,13.01
B0000036UW,10.73
B0000036TL,12.8
B0000036RP,9.49
B0000036XD,9.49
B0000039QA,14.92
B0000039QI,11.92
B0000039Q3,13.49
B000003AB1,12.49
B000003AB5,13.43
B000003ADA,13.0
B000003AGE,13.78
B000003AG8,12.49
B000003AGB,12.49
B0000039QD,7.74
B000003AEH,13.05
B000003AHB,19.99
B000003B5B,6.56
B000003B6X,14.98
B000003B3T,13.62
B000003B5O,11.49
B000003B6J,29.42
B000003B54,7.99
B000003B6U,11.94
B000003AEK,3.99
B000003B7Z,14.49
B000003B7W,39.99
B000003B37,9.25
B000003BD7,9.99
B000003B6G,5.99
B000003B8F,17.85
B000003BCX,14.99
B000003BGM,9.49
B000003C3D,7.99
B000003C3Q,8.72
B000003C3V,3.02
B000003BZ2,13.58
B000003CLS,4.0
B000003GCK,14.15
B000003GZA,5.99
B000003JBM,10.05
B000003JCL,12.31
B000003JD3,9.49
B000003JD7,13.18
B000003JDG,8.99
B000003JCV,13.27
B000003JB3,18.17
B000003JCY,18.99
B000003KX2,13.52
B000003L0Y,24.57
B000003MU3,23.96
B000003MU4,15.39
B000003MVT,8.99
B000003MU1,13.98
B000003N4Y,9.75
B000003N7W,14.67
B000003N7C,11.88
B000003N94,16.82
B000003N8P,29.99
B000003N8Q,15.99
B000003PH0,7.92
B000003RN0,13.94
B000003RSF,6.99
B000003RZ5,11.49
B000003S7Y,11.38
B000003TBY,10.0
B000003TAW,5.0
B000003TA0,8.99
B000003TBW,10.0
B000003TA7,5.81
B000003TQM,9.49
B000003Z3W,22.49
B000003ZGY,5.99
B0000046LR,8.91
B0000046MX,24.99
B0000046NG,10.79
B0000046QZ,18.16
B0000046UI,9.49
B0000046XC,5.99
B0000046YR,33.88
B00000478H,16.66
B0000047CZ,16.81
B0000047D2,9.49
B0000047DV,9.49
B0000047CX,18.95
B0000047CY,14.54
B0000047D3,16.34
B0000047RY,8.73
B000004B2N,8.99
B000004B9T,9.49
B00000581V,13.17
B0000058MS,12.18
B0000058MQ,11.33
B0000058ME,9.13
B0000058MY,15.94
B0000058MX,23.85
B000005AM7,12.32
B000005AXT,7.4
B000005B04,6.11
B000005BBJ,9.99
B000005AY3,11.18
B000005BOK,3.49
B000005CEU,12.47
B000005CEE,5.18
B000005DQQ,25.99
B000005DQU,12.7
B000005ENT,14.98
B000005GIU,18.99
B000005GW2,10.07
B000005GWF,28.69
B000005H3A,13.34
B000005H3B,6.99
B000005H4M,13.7
B000005H4L,8.78
B000005H7J,9.86
B000005H9J,12.0
B000005HCM,17.39
B000005GY5,10.23
B000005HCH,6.99
B000005HCT,10.34
B000005HF9,6.95
B000005HD6,6.99
B000005HC8,17.62
B000005HNA,31.66
B000005HN6,9.42
B000005HT5,10.46
B000005HSW,9.49
B000005IL1,6.91
B000005ILF,9.99
B000005IRM,25.0
B000005IS1,9.98
B000005ITY,9.49
B000005IU0,9.49
B000005J5P,11.98
B000005J38,16.17
B000005JAT,12.72
B000005JFP,13.49
B000005J7X,6.49
B000005JN8,7.99
B000005JJ3,11.49
B000005KPD,10.17
B000005KQH,15.2
B000005MLZ,23.29
B000005RHR,8.99
B000005RMY,18.71
B000005RXI,14.81
B000005S0D,10.57
B000005RYN,11.79
B000005S34,9.9
B000005S5N,15.06
B000005Z0G,10.83
B000005Z0E,11.18
B00000603H,13.22
B000006041,12.47
B00000604A,13.39
B000006045,11.58
B00000603N,40.0
B0000060NL,5.99
B0000060NB,7.65
B0000060NH,7.23
B0000060LU,16.06
B00000613H,4.99
B0000062H5,19.42
B0000062GC,8.99
B0000062HS,69.95
B0000062GR,5.69
B0000062QH,15.39
B0000062S6,9.29
B0000062XZ,3.56
B0000062VH,3.69
B000006371,5.97
B00000633U,5.0
B0000064PN,10.45
B0000064QY,14.27
B0000064QN,29.0
B0000065KK,4.95
B0000067IJ,9.49
B0000067X8,7.99
B0000067KS,13.69
B000006AXR,25.18
B000006AXS,27.96
B000006DG7,6.99
B000006LEV,16.99
B000006LWU,9.49
B000006LDK,6.99
B000006MV5,10.0
B000006MX5,14.98
B000006NX3,8.99
B000006NTW,12.35
B000006O5X,10.38
B000006O62,10.95
B000006O7V,13.19
B000006OFM,7.99
B000006OH6,22.75
B000006OHQ,9.43
B000006ON3,14.49
B000006SF5,11.33
B000006SA4,13.18
B000006SWI,12.57
B000006TZ8,17.69
B000006U4M,11.11
B000006UN6,13.96
B000006XYR,9.49
B000006YE9,11.72
B000006YH0,15.6
B000006YYW,9.49
B000006YYM,31.99
B000006Z4F,6.99
B000006ZCE,9.49
B0000071C3,14.12
B0000071IZ,14.66
B0000071C2,5.0
B0000071UJ,13.66
B00000721H,11.49
B00000721I,11.49
B0000072SX,7.99
B0000072VM,8.98
B00000742O,9.99
B0000074M7,8.99
B0000074L8,20.91
B0000074LE,11.9
B0000075ZB,33.3
B00000769W,18.72
B000007NAH,11.98
B000007NCE,9.49
B000007NAY,0.01
B000007NZO,11.9
B000007O1A,22.7
B000007O5J,10.5
B000007OHK,14.03
B000007Q91,12.78
B000007QDC,11.98
B000007QF0,33.3
B000007S0L,19.99
B000007SBF,7.25
B000007SIN,8.99
B000007SP0,14.49
B000007T1E,8.22
B000007T1A,19.99
B000007T4P,5.99
B000007T5A,12.09
B000007TE8,7.0
B000007UCP,9.99
B000007UCQ,10.28
B000007UVZ,14.99
B000007UCO,8.93
B000007VMV,9.99
B000007VYX,35.53
B000007WAN,5.94
B0000085Z0,13.19
B00000885G,35.13
B0000087NS,19.45
B0000089FT,13.82
B0000089FS,17.42
B000008BFI,9.49
B000008CIS,4.65
B000008CPZ,4.95
B000008CSQ,9.49
B000008DCE,7.99
B000008DEV,7.34
B000008DQ3,14.49
B000008DI6,7.14
B000008DU3,9.49
B000008EHL,7.99
B000008EXI,7.99
B000008EXZ,8.91
B000008F01,8.99
B000008EZR,24.7
B000008FF4,15.99
B000008FMZ,9.49
B000008FVT,12.52
B000008GXO,7.99
B000008GXD,9.49
B000008GTY,9.49
B000008J2Y,8.91
B000008J2C,9.49
B000008J2B,12.82
B000008JA9,9.49
B000008L0H,19.58
B000008LLI,35.0
B000008LPA,19.99
B000008M5D,4.99
B000008UKN,10.64
B000009CZ8,9.39
B000009DZA,18.99
B000009EJU,19.52
B000009GPM,10.81
B000009H0U,8.91
B000009GS6,9.49
B000009QPA,9.49
B000009QMN,9.49
B000009QO1,9.49
B000009S3Z,7.67
B000009S33,11.98
B00000A6JS,9.49
B00000ADG2,6.72
B00000ADL2,10.0
B00000AEDW,7.43
B00000AEFF,10.93
B00000AETS,9.99
B00000AFAZ,9.49
B00000AFAC,35.99
B00000AFF9,8.0
B00000AFFF,11.08
B00000AFHM,10.72
B00000AFFP,18.4
B00000AFSZ,19.54
B00000AG8V,9.49
B00000AG8D,13.41
B00000AGA0,9.49
B00000AG9C,13.08
B00000AG9H,9.49
B00000AGMC,29.99
B00000AW34,15.43
B00000BIJY,11.46
B00000BKI4,8.99
B00000BKJ1,9.99
B00000C3ZQ,12.89
B00000D9TH,9.99
B00000D9WI,12.5
B00000D9TQ,8.4
B00000D9VL,10.63
B00000DAI6,9.98
B00000D9W1,9.99
B00000DAMC,14.43
B00000DATR,10.03
B00000DBXY,10.29
B00000DC10,12.74
B00000DCHH,9.99
B00000DCHL,19.48
B00000DCHR,8.99
B00000DCUM,11.49
B00000DCHG,14.99
B00000DF6K,6.98
B00000DFFZ,9.49
B00000DFFQ,25.09
B00000DFRS,2.99
B00000DFRV,12.4
B00000DFS3,9.92
B00000DG18,19.17
B00000DGV2,33.49
B00000DGUG,6.99
B00000DHSH,10.1
B00000DHZJ,29.99
B00000DHZO,9.79
B00000DLVA,18.97
B00000DQSF,9.49
B00000DQSE,11.49
B00000DR8R,12.28
B00000DR7P,10.0
B00000DRAH,7.98
B00000DRDD,10.91
B00000DS04,6.99
B00000DS0Z,5.99
B00000DS0A,6.99
B00000DS2N,8.99
B00000DTIF,7.99
B00000E9OE,6.99
B00000F1CY,2.99
B00000FC5H,9.79
B00000FCBH,21.79
B00000FDHE,5.99
B00000FDJX,12.46
B00000G1G9,9.99
B00000G3WW,11.18
B00000G3WZ,9.49
B00000G3WX,9.49
B00000G3X4,11.07
B00000G3X7,12.82
B00000G3X0,18.75
B00000G4SD,7.99
B00000G4NZ,11.49
B00000G6HL,8.99
B00000G6TP,15.48
B00000GBZ0,12.99
B00000GUZP,9.49
B00000HXSE,8.99
B00000HY5E,7.98
B00000HZG9,14.59
B00000HZFH,12.6
B00000I0OT,9.99
B00000I0RM,10.53
B00000I25M,14.94
B00000I2PG,10.18
B00000I3ZO,9.49
B00000I3ZU,13.98
B00000I41G,14.63
B00000I6MK,9.67
B00000I7K7,14.49
B00000I85P,19.94
B00000I8KE,7.07
B00000I8S6,13.1
B00000I8UI,9.63
B00000I926,8.46
B00000I8T5,19.95
B00000I9MK,10.44
B00000IAU3,8.8
B00000ICLO,7.99
B00000IFT1,13.98
B00000IFNQ,10.88
B00000IFW1,9.49
B00000IFT0,9.49
B00000IFUI,9.98
B00000IFTH,10.47
B00000IGQU,7.99
B00000IIWW,9.99
B00000IJCV,15.25
B00000IL0L,15.39
B00000IL0N,12.34
B00000IL0O,9.49
B00000ILY5,8.99
B00000IMGM,9.0
B00000IO83,12.17
B00000IONU,9.49
B00000IOSU,9.99
B00000IP8G,9.98
B00000IPAC,4.99
B00000IPOM,14.63
B00000IWUJ,13.54
B00000J2PJ,12.23
B00000J2SK,20.93
B00000J2RG,6.97
B00000J5XB,14.99
B00000J7AQ,7.9
B00000J7A2,15.98
B00000J7JO,6.88
B00000J7OA,22.0
B00000J7S9,11.55
B00000J7SR,11.99
B00000J8EK,8.49
B00000JBFX,6.71
B00000JC68,7.99
B00000JC6C,8.39
B00000JHAR,12.97
B00000JHD7,13.99
B00000JHCL,9.49
B00000JJM0,9.99
B00000JJN2,12.25
B00000JKH2,9.35
B00000JMCL,14.49
B00000JMIQ,6.99
B00000JMK8,25.0
B00000JNJD,14.97
B00000JNOJ,7.2
B00000JNNY,7.22
B00000JQFI,18.98
B00000JQZ3,15.39
B00000JS9V,8.33
B00000JT3K,9.99
B00000JT4T,7.15
B00000JWQH,6.12
B00000JXSA,10.99
B00000JY7R,9.99
B00000JY9X,16.99
B00000JY9N,11.99
B00000JYTS,9.92
B00000K073,16.56
B00000K26Y,19.52
B00000K29Z,3.59
B00000K2W4,7.0
B00000K3GK,11.79
B00000K3W3,4.85
B00000K4GL,23.18
B00000K51T,19.52
B00000K53Y,0.99
B00000K5AK,9.9
B00000K5AI,9.99
B00001IVJS,9.49
B00001IVOV,13.98
B00001NTRA,9.99
B00001OH7M,14.98
B00001P4OP,9.49
B00001QGOW,0.99
B00001QGLB,7.0
B00001QGPS,10.71
B00001QGQI,9.0
B00001SIES,8.03
B00001SVM3,8.99
B00001T3FD,7.38
B00001T3C0,13.48
B00001WRO7,3.99
B00001WRL3,14.45
B00002067T,17.58
B000021XS9,9.49
B000021XRD,11.18
B000021XSC,13.98
B000021YQV,7.29
B000023VR6,7.5
B0000242OP,9.49
B0000248ND,9.49
B00002621U,14.54
B000026HWR,6.93
B00002759W,17.14
B000028TV7,10.99
B000028U0Y,9.99
B0000296VG,10.0
B00002DE4E,10.99
B00002EPH8,10.27
B00002MJYK,37.84
B00002MU53,17.49
B00002MZ2C,7.97
B00002MYVJ,9.67
B00002MZ24,9.99
B00002MZ4W,10.99
B00002S5DF,19.52
B00002ZZJF,9.9
B00003002C,4.99
B000030029,11.18
B000031X1J,10.99
B000031XCY,18.49
B000034D0D,12.29
B000034CV5,0.49
B000034DJ1,5.99
B000035X7C,11.29
B000035X1M,11.98
B000035X1N,7.59
B000038IDJ,7.69
B000038IDE,11.49
B000038IDT,19.52
B00003IE26,10.79
B00003L1W4,8.99
B00003NHAR,10.29
B00003Q025,9.5
B00003TKGH,7.99
B00003TKGI,9.49
B00003TKGJ,9.49
B00003W1QG,7.99
B00003XB5V,27.96
B000040OVH,11.88
B000044U2H,14.68
B0000457EA,11.08
B0000457IU,7.27
B0000457F7,5.66
B000046PUW,7.98
B000046PZM,9.49
B000046Q8B,9.06
B000046S1W,9.49
B00004C4PG,10.29
B00004C4QQ,9.0
B00004D3CC,18.75
B00004HYM1,11.98
B00004I9SP,13.81
B00004KD1L,15.6
B00004KD2H,9.99
B00004LMKS,4.71
B00004NJLP,14.89
B00004NJMX,19.52
B00004NK9T,7.0
B00004OCFE,11.22
B00004R7VU,8.82
B00004R7TD,6.5
B00004R7SN,7.99
B00004R8Q5,9.49
B00004R8TR,9.49
B00004RCXP,8.99
B00004RD01,4.99
B00004RGC8,14.84
B00004RGLH,14.99
B00004RI6B,8.99
B00004S35Z,9.95
B00004S36A,15.47
B00004S51Y,10.99
B00004S5EF,10.19
B00004S7LI,12.3
B00004S80U,13.7
B00004S95R,12.2
B00004S9AN,4.99
B00004SBSR,9.99
B00004SBSS,9.99
B00004SBZO,12.98
B00004SCCO,9.99
B00004SCHB,8.99
B00004SCGX,12.49
B00004SFQH,7.83
B00004SH94,9.49
B00004SQWM,15.36
B00004SST5,9.49
B00004SSTE,3.88
B00004STN3,10.33
B00004SVJR,16.99
B00004SWJX,10.97
B00004SYFZ,8.99
B00004SYOP,11.88
B00004SZG2,12.36
B00004T0PB,9.49
B00004T0QB,14.99
B00004T0UR,13.56
B00004T1I4,21.88
B00004T6UZ,13.98
B00004T8ZB,12.99
B00004T9TV,5.0
B00004TA40,28.54
B00004T9UF,8.39
B00004TA8K,9.64
B00004TAXE,11.71
B00004TCPD,6.93
B00004TGLF,9.99
B00004TGY2,4.86
B00004THL9,3.99
B00004TIOI,15.49
B00004TL26,10.58
B00004TLV8,9.49
B00004TLYL,9.39
B00004TSAN,9.99
B00004TTGI,10.5
B00004TTGF,13.98
B00004TWRR,12.56
B00004TZZK,12.19
B00004U1HK,14.51
B00004U2G4,18.41
B00004U5AJ,8.93
B00004U5DC,14.99
B00004U91U,9.49
B00004UARR,10.97
B00004UART,11.5
B00004UAWH,9.49
B00004UDE9,10.99
B00004VW0S,7.98
B00004VVZ4,13.89
B00004W3LV,23.15
B00004W50Z,9.97
B00004WFJC,8.99
B00004WFNZ,6.76
B00004WIOA,11.49
B00004WIZA,8.0
B00004WIPE,13.4
B00004WJAO,9.49
B00004WIXD,12.99
B00004WJGZ,12.1
B00004WKFO,13.58
B00004X03W,9.98
B00004X0Q0,6.18
B00004X0QK,10.0
B00004XOWM,7.99
B00004XQZS,11.51
B00004XSM0,9.49
B00004XT2W,9.98
B00004Y2FT,13.98
B00004Y6ND,26.99
B00004Y6NM,10.67
B00004YC03,5.56
B00004YC1I,11.98
B00004YL5B,9.96
B00004YKUI,9.95
B00004YLJW,3.99
B00004YMP4,9.99
B00004YNGK,4.99
B00004YR2D,12.98
B00004YR4U,16.61
B00004YRFG,8.31
B00004YRGJ,5.99
B00004YTWH,10.48
B00004YSGM,6.51
B00004YWGB,11.38
B00004YWGC,10.99
B00004Z2V3,10.0
B00004Z30Z,9.49
B00004Z41Q,8.41
B00004Z3Z3,8.99
B00004ZDM5,20.84
B00004ZDV7,19.52
B00004ZE8C,9.49
B000050488,11.49
B000050HSJ,11.18
B000050HVX,3.99
B000050HS9,13.42
B000050HS3,12.58
B000050HZJ,9.49
B00005171L,4.99
B000051XVN,10.52
B000051Y0P,19.12
B000051Y1V,13.78
B000051Y0T,11.18
B000051Y2U,14.99
B000051XYT,19.99
B000051Y37,6.5
B000053GUO,15.5
B000053GTK,9.49
B000054A5E,11.98
B000054OWS,11.38
B000055QKM,7.99
B00005653R,9.99
B000056NN1,9.49
B000056NZV,10.73
B000056P01,11.66
B000056P60,23.47
B000056UPY,16.21
B000058DXH,11.74
B000058DXS,10.21
B000058E2O,3.99
B000058T5S,7.95
B000058T5V,8.99
B000059L9A,12.87
B000059LYY,9.49
B000059MEK,4.99
B000059T1U,7.39
B000059RL0,11.49
B000059Q4I,7.88
B00005A0RI,17.29
B00005A7WY,11.85
B00005A8MT,10.25
B00005A8LS,8.28
B00005AAFJ,7.07
B00005AAXE,11.32
B00005AKC0,10.81
B00005AKBN,22.25
B00005AKIL,9.49
B00005AKI6,10.99
B00005APZM,10.36
B00005AREX,7.14
B00005ARCX,11.23
B00005AU9N,15.31
B00005AV14,19.52
B00005AVRE,11.65
B00005B0S6,10.43
B00005B4GB,13.98
B00005B58Y,6.99
B00005B59X,19.11
B00005B9JQ,8.99
B00005CC2J,8.99
B00005HYIP,39.57
B00005IBGM,19.99
B00005IBYZ,19.28
B00005ICAW,8.98
B00005J4HH,9.49
B00005JA24,17.99
B00005J9U8,12.18
B00005JAX3,9.49
B00005JGI6,15.25
B00005JXQS,11.98
B00005JXQF,7.92
B00005JXQE,11.98
B00005K32I,25.0
B00005K2WC,8.99
B00005K9KP,9.49
B00005K9ZD,15.9
B00005KB91,9.49
B00005KCHA,11.99
B00005KCGX,9.55
B00005KHEW,9.99
B00005KKAK,15.99
B00005LCFW,12.1
B00005LK6L,9.49
B00005LKFC,13.49
B00005LMK5,7.4
B00005LN49,9.49
B00005LN6L,9.99
B00005LODB,18.88
B00005LQPQ,9.49
B00005LVZJ,8.99
B00005M6CK,17.98
B00005M987,6.69
B00005MAWI,9.49
B00005MK0U,15.22
B00005MKGM,17.2
B00005MKDZ,5.99
B00005MLVA,15.37
B00005N5AA,19.59
B00005N8UV,7.21
B00005N8V2,11.49
B00005N9CV,13.98
B00005NDZC,8.14
B00005NG1Y,7.99
B00005NGWS,9.49
B00005NHJS,3.99
B00005NHLY,24.75
B00005NKYQ,9.99
B00005NKKS,5.99
B00005NKKR,9.21
B00005NNLR,9.99
B00005NNQO,6.92
B00005NNUY,7.99
B00005NQJZ,19.52
B00005NTOQ,14.68
B00005NUXS,8.99
B00005NVT1,16.99
B00005NY9B,9.99
B00005NZKM,6.99
B00005NZDW,8.85
B00005O02R,28.47
B00005O56V,9.49
B00005O55K,6.45
B00005O54Q,11.38
B00005O6IR,10.64
B00005O6DS,10.49
B00005OL56,9.49
B00005ONMT,8.0
B00005PJB5,9.99
B00005PJFV,11.99
B00005Q62R,15.15
B00005Q7SH,31.29
B00005QB7K,7.99
B00005QC1U,12.83
B00005QD6M,22.95
B00005QDVS,11.22
B00005QG9J,11.99
B00005QK0A,19.5
B00005QK3W,14.88
B00005QK9U,10.87
B00005QVHK,9.99
B00005QW3E,16.4
B00005QXY9,37.99
B00005QXKE,11.98
B00005QZH2,9.49
B00005R09Z,12.39
B00005R5V2,18.99
B00005R8DZ,11.99
B00005R8EL,12.11
B00005RFAW,20.83
B00005RGL2,9.75
B00005RGNW,14.99
B00005RGO5,12.69
B00005RH8O,14.49
B00005RIK5,19.88
B00005RTDJ,21.64
B00005RZWJ,12.59
B00005RZWO,25.56
B00005S8HB,11.99
B00005S7UE,29.99
B00005T7YV,8.7
B00005TPKC,6.62
B00005U2LE,24.99
B00005U2LY,8.99
B00005UBN7,8.6
B00005UC7H,7.99
B00005USBH,9.98
B00005UVV5,12.58
B00005UWFJ,5.99
B00005UWL9,10.49
B00005V696,14.85
B00005V7G0,19.99
B00005V7G1,5.98
B00005V8PI,5.0
B00005V9QJ,7.95
B00005Y1M2,11.88
B00005Y1XY,14.63
B00005Y227,10.61
B00005Y7GN,7.99
B00005YLNA,9.99
B00005YW4H,9.95
B000060MMJ,10.69
B000060O15,5.99
B000060O2C,8.91
B000060OLF,10.99
B000060OL5,10.85
B000060P7P,9.49
B000062UT2,8.99
B00006314Y,10.69
B0000631E5,7.29
B0000634ID,12.51
B0000634II,9.36
B0000636UU,12.47
B000063BOJ,13.48
B000063DSJ,13.89
B000063IUT,14.87
B000063WYU,14.11
B000063UZ8,9.49
B0000646TK,9.99
B000065625,12.85
B000065DVA,12.98
B000065UJJ,6.01
B000065V85,13.99
B000065VVE,13.98
B0000665WR,7.94
B00006690F,9.49
B000066C1W,8.39
B000066HQE,6.88
B000066HQD,11.52
B000066RM4,7.5
B000066SHX,15.33
B000066TPM,16.15
B000067CPX,9.7
B000067CPZ,18.98
B000067NW0,9.99
B0000683N4,8.7
B000068D1J,11.99
B000068CTE,14.18
B000068OSP,9.49
B000068PZQ,9.99
B000068Q64,11.18
B000068TN3,8.91
B000068TND,8.71
B000069CIT,14.97
B000069HG4,10.49
B000069HK1,7.99
B000069HK2,7.99
B000069HKH,8.73
B000069KB1,9.99
B000069KI1,9.16
B00006A6ZO,9.99
B00006BTC6,9.49
B00006BTD5,9.49
B00006BTC7,20.37
B00006BXJY,10.77
B00006C2DI,8.82
B00006C2H3,10.99
B00006C77B,10.61
B00006CTE9,16.82
B00006F850,7.99
B00006FR68,4.5
B00006GF98,3.7
B00006GOA0,25.0
B00006GO8V,9.76
B00006HI70,9.49
B00006HI9I,9.49
B00006I4YD,4.49
B00006IK19,9.51
B00006IK1C,7.9
B00006IQH4,10.0
B00006ISBT,8.72
B00006IU73,7.98
B00006IVF7,8.99
B00006IZOD,15.41
B00006JJ2N,10.65
B00006JJ1P,8.98
B00006JKB7,13.85
B00006JKA6,9.49
B00006JNE6,9.49
B00006JNGY,5.99
B00006JO3X,14.5
B00006JOVC,4.95
B00006JSIU,17.14
B00006JUML,0.99
B00006L3I6,13.98
B00006L3IZ,10.29
B00006L7XQ,10.87
B00006LHXP,25.47
B00006LLPS,24.38
B00006LV77,9.99
B00006LWRH,11.38
B00006LWSM,37.99
B00006M183,8.72
B00006NSFE,10.0
B00006RAKP,13.88
B00006RY8F,15.21
B00006SM86,11.14
B00006WKZH,11.65
B00006ZCFJ,8.44
B00006ZCFH,10.18
B00006ZCFI,10.59
B0000719UJ,11.15
B000075A20,8.95
B000075A3G,15.98
B000077SX4,9.59
B000077SY2,9.35
B000078JLP,7.98
B00007BHA7,8.99
B00007BH9A,4.14
B00007BH85,9.49
B00007E6WW,10.0
B00007FGLS,12.74
B00007FOMQ,4.99
B00007GRDO,9.49
B00007JMFF,19.99
B00007KK7V,11.38
B00007M8R9,11.49
B000083JWH,11.18
B000083MC0,12.89
B000084T18,8.15
B000087DUE,6.75
B000088E7G,11.18
B000089CJI,14.81
B000089HCY,9.49
B000089CPF,15.58
B000089RVR,8.29
B000089RVV,9.49
B00008ADQJ,8.99
B00008AY3L,11.5
B00008AY6B,5.87
B00008BL44,12.43
B00008DCQL,19.52
B00008DCR8,9.95
B00008DKBS,11.22
B00008G5DZ,10.98
B00008GQ9Y,12.08
B00008H2LB,4.99
B00008J2DQ,11.18
B00008J2Q9,4.99
B00008J4P5,7.68
B00008L3VQ,15.99
B00008NEGG,18.99
B00008NGDD,8.99
B00008NGI5,6.5
B00008O31B,7.69
B00008OM62,30.32
B00008OM4J,11.13
B00008OWZE,4.57
B00008OU5O,13.87
B00008PX8Q,12.99
B00008PX8O,9.62
B00008RV18,7.26
B00008S2VE,8.62
B00008SH83,6.92
B00008UVBG,4.19
B00008V5UM,13.98
B00008V5TM,8.99
B00008V630,6.44
B00008V61C,13.91
B00008VOQM,11.18
B00008W2HY,23.64
B00008W3X5,39.99
B00008XRY3,13.68
B00008ZPDI,14.99
B000091R4X,16.34
B0000931QO,16.81
B000095J6M,11.13
B000095J90,7.28
B000096FT9,7.98
B00009ATL3,9.95
B00009EIPA,7.7
B00009EJC7,5.98
B00009IB58,14.14
B00009KUB3,16.82
B00009L53W,5.99
B00009LI14,7.79
B00009MGRD,5.99
B00009MGQS,14.99
B00009MGQH,5.99
B00009N1ZV,10.19
B00009NQZC,12.45
B00009PJRD,9.99
B00009PY0N,9.99
B00009QGF2,11.25
B00009RXK3,9.49
B00009U5J5,27.39
B00009V7T2,12.03
B00009V8WD,9.49
B00009V7RA,11.04
B00009V8Z9,9.77
B00009VRDI,10.31
B00009YXGH,6.88
B0000A4GHE,12.18
B0000A5A0K,9.74
B0000AC8N5,10.63
B0000ADXEC,11.42
B0000AGWEC,6.88
B0000AGWFA,7.0
B0000AGWFX,25.61
B0000AGWGD,4.99
B0000AGWFE,4.68
B0000AGWK8,9.9
B0000AGWJ7,12.74
B0000AKCLJ,11.98
B0000AKQGT,7.98
B0000AKOMI,3.99
B0000AKVHS,1.29
B0000AKY5P,9.89
B0000AM6HS,7.99
B0000AQS1A,10.29
B0000AVBDS,11.18
B0000BWVO9,9.49
B0000BWVLM,9.39
B0000BWVNP,11.72
B0000BXMZX,12.99
B0000BYM3I,9.99
B0000C0FBM,10.86
B0000C0FJB,26.99
B0000C0FKA,9.25
B0000C17KK,11.88
B0000C421G,11.38
B0000C6E4D,8.93
B0000C83MI,9.95
B0000C8AXF,11.99
B0000C8Y0N,24.32
B0000C9ZSV,9.99
B0000CABBR,19.98
B0000CBIUF,25.93
B0000CBHQ1,6.0
B0000CC6QG,18.04
B0000CC4VD,9.99
B0000CD5F1,12.03
B0000CD5FR,13.99
B0000CESUB,14.39
B0000CFXNP,19.0
B0000CFXNS,9.99
B0000CFXNQ,19.0
B0000D8RYI,7.99
B0000DBK7D,13.98
B0000DD79B,13.95
B0000DD7LC,9.69
B0000DFZZA,7.58
B0000DJE9R,7.5
B0000DZ3FV,7.95
B0000E1ALR,11.88
B0000JMLVC,8.75
B0000TAZS8,8.2
B0000TI3YQ,19.98
B0000TWMDY,20.0
B0000UJLJG,13.55
B0000V19LS,9.99
B0000Z80FM,37.3
B00011V00W,3.99
B00012FXCW,8.15
B00013AFXS,12.25
B00014TQ7S,5.0
B000159EZ6,9.99
B00015V59Y,7.98
B00016XMOE,21.3
B00018D44U,8.98
B00018D5CQ,10.1
B000197KVW,42.36
B00019JQ1Y,17.88
B0001AP07M,19.38
B0001AP0OU,16.19
B0001BRSS0,6.7
B0001BXYRO,12.99
B0001BVI86,14.75
B0001CNQP8,16.97
B0001CNQQM,10.58
B0001DMUBS,13.89
B0001EFUJ6,16.13
B0001F7U9S,11.88
B0001FFIY2,7.79
B0001FT2US,14.59
B0001KL5C6,16.56
B0001LJC3E,13.74
B0001LYEVY,13.05
B0001LYGQC,9.49
B0001MDPOK,5.05
B0001MDPQ8,12.99
B0001MDP9A,8.99
B0001U1QB6,13.05
B0001XAJE8,9.93
B0001XAMC2,6.32
B0001XAMOA,9.99
B0001XANAS,7.87
B0001XAQFU,13.66
B0001XARU4,11.47
B0001XARY0,8.91
B0001XLVMW,13.81
B0001Z4OTM,33.95
B0001Z53AQ,11.37
B0001ZMCWS,12.86
B0001ZMXDG,13.88
B00020H9ZW,19.21
B00020X20I,5.99
B00020W0ME,17.82
B00021LQ82,7.18
B00022FWHW,11.99
B00022KF1A,6.35
B00022LJFQ,5.0
B00022XO9U,27.88
B000255LNE,15.42
B00026WVC2,12.95
B0002739R2,17.2
B00027JYOE,11.18
B00027JYPI,5.0
B0002847XG,10.31
B000283OA8,10.14
B00028HOFY,19.52
B000294DDY,8.91
B000294U1E,10.58
B0002A2WAO,14.42
B0002ABT2G,16.81
B0002ADWCQ,14.19
B0002ADI3Y,43.06
B0002ADWCG,37.85
B0002BK4IA,2.99
B0002CHI4C,12.91
B0002DD69W,15.28
B0002F1G9C,11.98
B0002IQ9RS,16.68
B0002IQGBC,13.96
B0002IQH2K,9.99
B0002IQHV6,9.09
B0002IQHBQ,10.61
B0002IQI9W,13.75
B0002IQIZ6,1.99
B0002IQK40,9.99
B0002JE8WK,18.32
B0002JP4IC,9.49
B0002JP50O,17.95
B0002JUWZW,11.18
B0002L57OG,7.49
B0002LQ8CQ,12.9
B0002M5T7A,11.63
B0002M5TG6,8.99
B0002MPTDO,9.56
B0002MPU1K,9.54
B0002MSCBK,16.99
B0002OOUS2,9.99
B0002PD3HU,13.48
B0002PUH06,14.13
B0002PUH8I,12.98
B0002S94RK,7.49
B0002S94OS,7.98
B0002TL6QQ,9.95
B0002U6GFQ,9.14
B0002UJKR2,13.98
B0002V6UX8,14.41
B0002VBPHE,8.99
B0002VEQ0C,16.66
B0002VJW92,14.62
B0002VYPCQ,14.99
B0002W4T4O,10.51
B0002WZT2U,12.0
B0002WZT20,19.9
B0002X314C,15.16
B0002X591A,4.49
B0002X7G98,8.99
B0002X8J3A,7.0
B0002X9NWQ,8.88
B0002XEDSU,9.49
B0002XEDJE,26.47
B0002XEDMG,4.69
B0002Y4T56,11.88
B0002Z9ZQI,14.73
B0002ZDW80,9.9
B0002ZI9DS,18.81
B0002ZMJDE,9.99
B0002ZYE3M,9.99
B0002ZYEKA,11.18
B0003035B8,13.05
B00061U64S,11.99
B00061X95Q,17.75
B0006213RQ,9.99
B00063MBT4,9.99
B00064183I,45.0
B000641A2C,18.98
B00064200S,7.95
B00064AEJM,14.88
B00064LOQO,3.69
B00064LP4A,18.98
B00064X2QY,8.88
B00065BYAY,6.92
B00065LGOS,14.33
B00065JTAQ,9.91
B00065XJ52,13.79
B0006693YW,16.58
B00066N8JI,17.49
B00068CUZO,15.33
B0006GAZGC,24.77
B0006HC0OQ,9.99
B0006IGGLS,9.68
B0006UEVPO,8.99
B0006VXF4G,13.96
B0006ZQ9BS,7.49
B00070Q7VY,15.97
B000765IPE,9.49
B000765I86,13.98
B000784WN6,9.49
B000784WOA,9.49
B0007GAEIU,12.98
B0007LLPF6,17.38
B0007M239M,10.0
B0007MEYIU,9.87
B0007NFL18,10.98
B0007OY460,23.99
B0007OY3U2,8.35
B0007OY456,13.88
B0007P9XJM,11.38
B0007QN8WE,19.32
B0007QS4TQ,6.25
B0007RTBAG,15.54
B0007TFI56,17.94
B0007TF19Y,8.7
B0007TKH5C,10.0
B0007TKHX4,9.01
B0007TX894,9.49
B0007US7OO,12.9
B0007US8ES,10.37
B0007V3P5O,12.91
B0007VBF24,9.99
B0007W7H84,9.99
B0007WF1XC,9.99
B0007X9TUW,12.78
B0007Y0978,6.99
B0007Y8A7E,7.3
B0007YMV1K,7.68
B0007ZEO4G,8.53
B000819PKC,6.55
B0008ENJ06,13.44
B0008FPIPY,10.99
B0008FPIRC,13.49
B00092ZMF2,7.98
B000930E3Q,11.8
B00096S3UO,17.22
B00096S3PY,9.95
B00097A5HW,13.57
B00097A5H2,12.88
B0009A401G,10.93
B0009CTUS2,23.99
B0009FGWUS,10.49
B0009G3BWE,10.49
B0009HLD2S,12.96
B0009HLDA0,13.8
B0009I46A8,10.01
B0009I7O3O,4.19
B0009JPV8S,15.07
B0009K3F3K,7.99
B0009K7RBG,12.22
B0009ML2BU,11.88
B0009OUAQQ,9.49
B0009QYQVO,9.49
B0009RQRPG,9.49
B0009S3HI0,4.59
B0009SCVTG,11.38
B0009VJWQS,9.59
B0009VK438,7.99
B0009WFF0Y,12.1
B0009WFEF0,8.65
B0009XFIZK,10.49
B0009XNUK0,11.88
B0009YA3CC,9.99
B000A14OEC,19.0
B000A2H1D2,8.39
B000A2H7E0,14.98
B000A3DFYU,7.88
B000A3OX1O,15.71
B000AA303Y,10.54
B000AA302A,8.45
B000AA4M9U,11.98
B000ADWD4I,12.87
B000AGTQKY,14.99
B000AHJ7TS,29.95
B000AGTQGS,13.51
B000AGTQ54,16.96
B000AGTQJU,4.99
B000AGTPYQ,3.75
B000AL730O,5.93
B000AM6OKI,24.98
B000AO4NKE,14.63
B000AOENCM,9.75
B000AOJ9EE,25.55
B000AP2YUY,6.93
B000AQACNY,13.7
B000ASATP8,11.08
B000ASTEE0,6.49
B000ATT2QO,10.0
B000AU1NZQ,41.71
B000AV2G9M,2.44
B000AV47XK,9.63
B000AV2G2O,14.49
B000AY9OGW,13.62
B000AYEIWW,10.38
B000B5IOPM,11.97
B000B5IPLK,8.98
B000B5KRSY,5.0
B000B5QWO2,19.52
B000B5QWNI,19.0
B000B5XSXU,15.37
B000B66PDO,18.37
B000B8I940,18.98
B000B8QF00,9.81
B000B8QF6O,16.56
B000B9UHSU,29.75
B000BC8T78,8.12
B000BFNYZ2,10.75
B000BGR0OM,9.99
B000BGR18W,4.74
B000BJS4P8,14.25
B000BK8FVA,5.08
B000BKSISA,9.12
B000BLI4UG,10.89
B000BM6AVA,8.75
B000BNTM32,11.98
B000BOH8XW,3.49
B000BPGIZ0,14.49
B000BR3464,12.99
B000BTDMDC,13.3
B000BTFZKA,7.0
B000BY827I,11.38
B000BY826Y,9.49
B000BY8278,8.04
B000C8STJ4,8.99
B000CBNX4W,18.78
B000CDSS2M,13.99
B000CFWNNK,9.49
B000CNE128,9.99
B000CRR3C4,13.72
B000CSUYFQ,33.91
B000E0LM2G,16.19
B000E0OEQC,6.0
B000E1IGC4,10.0
B000E3K3BY,9.99
B000E5L8DE,9.49
B000E5N62U,8.98
B000E6EHI6,11.99
B000E6EJ2A,10.03
B000E97HB2,10.99
B000EGDAQG,8.34
B000EGDN40,14.32
B000EGDNCW,8.99
B000EGFV4K,9.99
B000EGEKWE,11.88
B000EHPXXI,8.49
B000EHQ7VA,24.99
B000EHQ80A,6.99
B000ELL0R2,8.8
B000EMGAGW,10.08
B000EMGAOY,11.88
B000EMGIHS,10.0
B000EQ46KA,15.16
B000ERU8JC,8.39
B000ETQPWE,8.99
B000EU1KRS,7.49
B000EUMO00,9.99
B000EXZ9P4,16.75
B000F0UV2M,17.99
B000F0UV36,11.58
B000F0UV3Q,25.56
B000F3AB1U,12.49
B000F4TM6Y,16.98
B000F5GKO0,16.82
B000F8DBDU,16.99
B000F8DT1O,14.99
B000FA58IE,9.99
B000FBFT7I,9.43
B000FBGBPC,7.95
B000FBGBQ6,9.95
B000FDEUI0,14.2
B000FDFRX2,7.98
B000FII324,7.99
B000FILWFY,16.93
B000FIMG90,4.79
B000FJAA0G,11.79
B000FMR4T8,1.99
B000FO0ARY,6.47
B000FOQ15O,7.08
B000FPYNQW,19.99
B000FUF80W,4.9
B000FUF86Q,13.99
B000FVBLJ8,9.99
B000FVBLGG,6.99
B000FVQYYK,12.88
B000FZET70,8.15
B000G1ALRU,13.99
B000G1QX4A,12.99
B000G73U5Y,8.39
B000GCG95C,24.97
B000GDI21A,12.98
B000GG4XHY,4.99
B000GG4XI8,4.99
B000GGSMJ4,6.99
B000GLKP9Y,18.94
B000GRUS22,9.0
B000GRUSRM,22.58
B000GY729M,5.89
B000GY72WY,12.5
B000H0MKGK,6.73
B000H1RFWI,0.99
B000H30MYY,9.55
B000H7JDSQ,14.16
B000H7JDVI,11.97
B000HBKCDC,9.26
B000HC2OFK,10.17
B000HCO8IG,10.99
B000HEVYQS,9.99
B000HEZF6I,9.99
B000HKDEEW,15.79
B000HT35SS,11.18
B000HT36LE,13.67
B000I0QJJ8,8.08
B000I5X82O,12.98
B000ICM5QW,10.49
B000IFRQH2,14.4
B000IFRQAY,10.29
B000IFRQMW,8.15
B000IFRXW0,9.49
B000IG63CK,9.49
B000IOMXXA,18.47
B000IY04RC,16.12
B000IY04RW,9.99
B000IY04S6,5.99
B000J103X4,8.98
B000JCETAG,8.39
B000JFY0AC,11.49
B000JFY06Q,9.86
B000JJRINO,11.18
B000JJRIO8,10.98
B000JMKCU2,9.49
B000JU8HHE,19.52
B000JVSZIY,6.88
B000KCHZK6,8.5
B000KSPB92,8.99
B000KWZ94U,12.72
B000L211NM,13.23
B000L21DVW,35.55
B000LV63SG,12.0
B000LXHGBC,11.88
B000M5B6GK,9.49
B000MGBTIE,13.83
B000MGUZ9I,10.88
B000MGVA8I,9.49
B000MQ51E2,8.79
B000MR8SZU,41.24
B000MRA4WK,43.44
B000MTPAGI,27.88
B000MTPAQS,48.48
B000MXPE74,30.46
B000N2G3RY,21.99
B000N8UY3W,62.19
B000NA27TE,53.98
B000NA2UK0,13.91
B000ND91U4,42.61
B000ND91SG,42.95
B000NDEXIO,31.66
B000NDFKRM,13.11
B000NHG73Y,28.2
B000NJLQUQ,38.91
B000NJLYSA,46.59
B000NO39EC,36.66
B000NOKA1C,26.79
B000NPE7YC,27.47
B000NQR7NO,33.97
B000NQR7UC,39.12
B000NVHWMU,35.64
B000NVIXFK,26.98
B000NVLES8,14.46
B000O170Y4,26.34
B000O5AYC0,37.81
B000O5B4NI,26.26
B000O78LH8,34.49
B000OHZJL4,32.28
B000OLHGBQ,49.61
B000OQDUQ6,1.95
B000OQF6N6,23.36
B000OV14LO,17.66
B000OYC3J8,17.96
B000P46Q0E,33.57
B000PDZJ0S,29.62
B000PFU7O4,37.27
B000Q3646A,24.38
B000Q364BK,35.25
B000Q677E0,16.01
B000Q9OD58,10.08
B000QCK99E,33.73
B000QJLQLW,11.98
B000QUCPUC,29.52
B000QVTMUM,1.09
B000QXDCI8,48.49
B000RGSOR8,36.78
B000RHRGIA,13.78
B000RMQH30,33.63
B000ROA07W,22.93
B000S50QYC,0.99
B000S9KSBY,11.99
B000S9UA94,37.07
B000SAAPF2,30.98
B000SQLCA8,33.36
B000SZLSB2,22.94
B000T0C0MC,36.87
B000T9DF9K,41.85
B000TGGTIC,
B000TIXH80,38.43
B000TJ6AME,19.73
B000TQZ7O4,35.75
B000TUXL16,34.48
B000U618C8,31.45
B000U79UEU,
B000UAE8EY,37.06
B000UCEJEQ,23.52
B000UE64QA,35.26
B000UGG3IW,45.35
B000UGGS9Q,7.27
B000UJBY60,4.22
B000UMQDHC,20.99
B000UZ4FWY,24.28
B000UZ4FMY,38.67
B000UZ4P5Q,11.22
B000V1MMIQ,45.78
B000V3L0ZK,47.02
B000V616JC,1.29
B000V66ZPW,1.29
B000V6O3CE,1.29
B000V9KFG4,32.45
B000VDDCH4,16.9
B000VFIDQM,
B000VI6T9C,24.03
B000VJE1OG,27.38
B000VKJ6Q8,37.69
B000VS6P3W,23.71
B000VS6P96,26.36
B000VS6PD2,4.99
B000VS8UJY,59.76
B000VWLEC0,1.29
B000W0YVX0,
B000W1SRR0,
B000WCDI6O,30.91
B000WCDI5K,26.15
B000WGWCLM,50.15
B000WL7UQ4,0.69
B000WM72KM,42.29
B000WSVBYO,10.08
B000WTTC5I,11.49
B000X433MA,9.0
B000X6UB46,1.29
B000XQ1YOM,15.25
B000XXWK9I,27.73
B000YCLRBU,35.13
B000YMQIYG,1.29
B000ZK0CKI,32.65
B000ZK42QI,25.72
B00108YG2Y,60.43
B0010DJ1GA,12.64
B0010NX2CE,60.43
B0010VD7IK,50.73
B001110QHE,9.99
B00111COHO,8.99
B00116QB78,38.75
B0011B9W4M,19.61
B0011HF6GE,29.98
B0011XCZ1M,0.0
B0011Z4WOI,1.29
B00122X5VG,0.69
B001235DTW,1.29
B00126WY00,42.58
B00127G7A2,25.15
B00128X6Z0,39.57
B0012AXTDC,35.52
B0012DZA72,34.4
B0012GMUWW,22.33
B0012LA9P2,45.63
B0012OVF2U,18.05
B0012X44HE,9.98
B0012X9KLO,27.17
B00136LDKQ,0.69
B00136LEMS,1.29
B00136Q3HE,0.69
B00136RFJY,1.29
B00137GGZC,1.29
B00137IDW6,1.29
B00137IJUM,0.69
B00137KS2O,1.29
B00137OHD0,0.69
B00137RGS8,1.29
B00137TMKI,0.99
B0013873FI,0.69
B0013D8BK4,1.29
B0013FDTYA,23.22
B0013FSVD4,31.91
B0013G0PG4,1.29
B0013H8QEG,23.22
B0013JXF86,0.69
B0013L5M08,31.8
B0013LL0CC,21.96
B0013LL04A,23.01
B0014DC046,35.76
B0014DBZX8,35.36
B0014XCMVM,24.61
B0015435OI,37.44
B0015D3Z3A,32.69
B0015FK0HM,31.06
B0015FS8QC,37.69
B0015HZAOI,22.9
B0015RRNNE,8.99
B0016B6ZKG,20.08
B001725ZB4,22.8
B00175G7KE,14.47
B0017DHRJ6,13.49
B0017I1FRQ,12.68
B0017OLUUC,36.43
B0017PB5TW,45.89
B0017PV2DQ,1.29
B0017R1DZG,5.33
B0017TBE9Y,22.93
B0017U09N0,28.01
B0017V7GTY,30.99
B00192K3NW,0.69
B00192M9FC,32.69
B0019GAOI2,30.8
B0019T9FL6,22.44
B001A5RES0,28.85
B001A7DDTC,1.29
B001AAAT7I,0.69
B001AAAT6O,1.29
B001AAE9N8,1.29
B001AAHQLA,1.29
B001AGNRYY,27.24
B001AI1QWW,27.28
B001AI93YA,
B001ATO9K2,11.88
B001AUEMFS,0.69
B001AXJ0GG,0.69
B001AZI1XC,17.31
B001B2261M,
B001B65PBQ,5.99
B001B94K2S,46.21
B001B9DDKS,3.99
B001BM67QW,28.02
B001BNK58W,1.29
B001BR4YYE,27.5
B001BYZX1K,27.34
B001C3KCSY,28.27
B001CJOHG6,26.8
B001CQK8XU,1.29
B001CR49IE,27.97
B001CVCB9O,37.9
B001CVMDF6,41.35
B001CWOCVI,30.8
B001CY2EL6,25.73
B001D0T4JO,44.64
B001DU4PHA,
B001DUJNGI,17.05
B001E1DJD4,36.67
B001E9ULJ6,0.69
B001EOQTV0,28.86
B001EOQTSI,32.9
B001ESYAJ4,31.75
B001EYGOEM,28.99
B001F2U72I,24.78
B001FWRZ46,20.68
B001FX5V8M,0.69
B001FX9QS8,1.29
B001G7EGPG,24.68
B001G83TS0,41.83
B001G93Z5Q,18.32
B001G9LVC0,31.52
B001G9LVA2,41.29
B001G9FFHM,17.03
B001GLHBIG,1.29
B001GZMN8A,1.29
B001GZJK4A,9.49
B001H9N88Y,26.42
B001H9N884,31.77
B001HDYKQ4,6.99
B001HUBFPG,35.7
B001IB63II,22.93
B001IX4CKC,29.06
B001IXSU8W,0.69
B001IXQU3O,1.29
B001IXUUNU,1.29
B001J32WBC,35.65
B001JODA58,3.99
B001K3JF7K,31.15
B001KL3GY0,31.48
B001KL3GXG,30.36
B001KR1IBW,0.69
B001KR5RKA,0.69
B001KR5RK0,0.69
B001L2BIHK,1.29
B001L2I27O,14.95
B001LK1LA6,38.62
B001LTVBX4,38.17
B001LV5OOY,32.71
B001LZ0UGM,0.69
B001MWGZDG,38.5
B001NB1FUY,1.29
B001NBO0KG,1.29
B001NCHCOQ,1.29
B001NESP54,25.5
B001NJY68O,43.86
B001O54NEY,43.49
B001O7UXMI,1.29
B001P8C1U8,18.87
B001PB3RU8,34.99
B001PCJG4S,30.43
B001PPLIUU,41.83
B001Q6ERVA,
B001Q89F7E,26.36
B001Q9F0D6,25.46
B001QFNSCK,28.35
B001QITO1Q,34.97
B001SZ29NC,34.86
B001T46THE,30.31
B001T46UFU,45.89
B001T46U32,41.55
B001TD1XWG,32.26
B001TOKYN4,0.99
B001U0HBHO,33.54
B001UDY250,41.12
B001UJIMF0,31.14
B001UJIMUK,14.49
B001UQSE7O,1.29
B001UVF0NU,1.29
B001UXJQLA,16.89
B001V7UXB2,21.57
B001VFDNSY,50.59
B001VG9W88,5.99
B001VPJZ40,
B001W3T44W,1.29
B001W63DQ4,40.51
B001W63DXW,49.24
B001W63E0E,28.5
B001W5PVRE,1.29
B001WCN1U6,24.34
B001X3EQLW,1.29
B001XJTB8E,9.49
B001YV511W,13.73
B00204AA0O,32.31
B0020MMDCY,24.3
B002154328,24.81
B0021X515S,29.64
B0024RI70M,36.67
B0025X4P24,27.86
B0025X4OWA,23.39
B0025X4OUW,33.27
B00265UBM4,3.99
B0026BD2GU,46.23
B0026BD2II,42.89
B0026BD2GA,6.89
B0026IZR34,21.0
B0026IZR48,27.86
B0026IZRD4,21.17
B0026NWBY2,39.73
B0026P3G12,27.52
B00273D58M,61.84
B0027VSTCG,27.07
B00284G2L2,26.29
B0028SVXR6,34.57
B0028Y5MY0,28.16
B00299CER2,1.29
B0029F2EVW,26.86
B0029LHW4U,21.87
B002A9MN7M,11.98
B002AKAM38,32.14
B002AOWXQ8,33.08
B002BPKWH8,11.99
B002BPH1F4,0.69
B002C2XXGC,24.4
B002C6K82K,50.99
B002DHSGVI,24.98
B002DSM8UC,28.36
B002DXU53E,49.37
B002E2M5LO,30.0
B002E2QHDG,26.95
B002E9HACG,74.44
B002EE583E,42.36
B002EWD08Q,34.87
B002FGTO2W,29.75
B002FZL96W,30.86
B002GZQYMA,4.99
B002H6NVR4,36.67
B002HP8EKE,1.29
B002HQWQB6,
B002HVLAG8,35.38
B002HWUU1I,38.1
B002I53BL0,1.29
B002IC1RR8,33.98
B002IEW504,1.29
B002JIOQCO,26.25
B002JJ4XV2,1.29
B002JQUNHS,1.29
B002JUJRTO,
B002K0OGOO,1.29
B002KD0ORY,38.27
B002LFAHDW,28.87
B002N1AE8W,38.67
B002NACYFE,44.93
B002NJF99I,1.29
B002NLI1AU,24.11
B002NQTG5Y,0.69
B002O1QKGQ,1.29
B002OFWFZM,22.9
B002OGS0SW,1.29
B002OHOECC,35.53
B002OHOEFO,17.43
B002OTLEG4,1.09
B002PCOR1Y,1.29
B002PD7A7Q,0.0
B002POXFQA,0.99
B002QB190Q,29.24
B002QC4EMK,0.0
B002QDR552,20.0
B002QR5XN4,25.53
B002R9DM8E,1.29
B002TZVH2Y,11.88
B002U1ABZG,8.98
B002W1HBIE,40.58
B002WIDRM6,23.85
B002WNLLHO,53.04
B002WPXHV0,1.29
B002WPVO1A,0.69
B002X063LA,15.49
B002X09OFM,1.29
B002Y4ADTI,1.29
B002Y4Z4RE,22.09
B002Y4Z4IS,22.01
B002Y4Z4Q0,21.88
B002Y4Z4H4,22.05
B002ZPIBG8,37.84
B002ZTIIXK,50.76
B002ZXMZG2,38.36
B0030IXWH2,45.37
B0030NL8KK,30.83
B0031AV72Q,30.87
B00328G4XY,52.77
B0032CYG9Y,1.29
B00330WKMA,0.69
B00334TSTY,0.99
B00338T5RK,69.05
B0033B2I4Y,
B0034BW8ZM,30.16
B003597ORA,25.64
B0036WHM0U,10.0
B0037B269M,1.29
B0037RBVBK,45.67
B0037W68F4,36.56
B0038JH3AU,35.06
B0039ZEM0W,38.65
B003A8LOWM,9.49
B003AO1SVS,23.97
B003BGRGAC,46.38
B003BQO10U,38.71
B003DEE470,1.29
B003DZM54I,
B003IMESBO,40.62
B003JYOFIW,30.08
B003KUSUG8,27.04
B003MX5ORQ,31.18
B003NFM44E,46.21
B003NJVBPS,1.29
B003PBYT5S,43.55
B003PBYT9Y,40.63
B003RDPYCG,39.5
B003S897UU,23.17
B003TO5MTI,26.92
B003TT03PQ,
B003TTB0GC,20.9
B003TXKSWK,27.16
B003TZ9BE4,13.49
B003U42ZM4,35.44
B003UDBSVE,55.72
B003UDBSVY,49.7
B003UHIHBE,0.69
B003UJLKF2,13.49
B003UXBLG6,42.42
B003V5PPZG,34.45
B003VXFZ6W,1.29
B003WTE886,28.99
B003XX2PD6,24.27
B003Y3J0K6,31.44
B003Y3USS4,1.29
B003Y3XTJO,1.29
B003Y3SQFQ,1.29
B003Y3ZTH4,1.29
B003Y3ZTKG,1.29
B003Y3XTCQ,1.29
B003YK42LQ,28.27
B003YK9IOC,1.29
B003ZZAXDG,32.61
B0040318MC,32.85
B0040T7B2W,43.32
B004124VG2,62.57
B0041WLBEC,24.75
B00420HEF8,0.0
B0042AM4NU,29.23
B00436GNVC,32.16
B0043C3DZU,10.99
B0043ZBIOU,1.29
B0043ZFAIA,1.29
B0043ZDFSW,1.29
B0043ZDU1E,44.38
B0043ZBIQI,1.29
B0044DL9VI,22.88
B0045NHMJU,
B00468AWDW,0.69
B0046JLTBU,36.24
B0046MVVOM,29.74
B0047GL56G,1.29
B0047Z72IC,25.0
B0047ZKGJE,0.69
B0048LDTKK,23.95
B004948NSO,1.29
B0049FGVV4,1.29
B0049JPUCQ,31.15
B0049OSQ0Y,42.31
B004AC3HMC,0.99
B004ABYQD2,1.09
B004AE24HO,41.25
B004BSHAHI,1.29
B004BSWC0I,31.86
B004CIIXBO,33.76
B004CTBWXO,1.09
B004D1GZ2E,45.97
B004DKLVLA,33.98
B004DMAZQK,32.71
B004E0Z4XK,23.44
B004EQCO5U,34.66
B004FJHC2Q,35.96
B004GHNHVW,18.95
B004GXOW6K,0.99
B004IA25RO,50.82
B004ID9KGU,0.99
B004IE274Q,0.99
B004IWHAA4,31.66
B004J4WQ46,34.5
B004K4AUZW,36.02
B004KZ46WY,19.0
B004L49K20,26.06
B004L5D5JI,28.4
B004LDR79O,24.07
B004LFO0HE,25.73
B004LL1HM4,35.01
B004LSJCCE,31.62
B004MSRDSS,33.34
B004NHRGQW,32.9
B004NSULHM,29.98
B004NTMNB8,31.56
B004NYNGTQ,10.99
B004OAPF6Q,26.36
B004P5Z3T4,7.92
B004PNCMTK,24.02
B004PVH8I2,1.29
B004PVMFC6,0.69
B004QSQM72,41.11
B004R0MF0W,22.74
B004RCXUK4,1.29
B004RRVHCC,46.97
B004RZTNUM,26.38
B004S5JBZ8,0.99
B004S5S83Y,0.99
B004SB60OC,36.39
B004UBB3KQ,39.88
B004UBU9DI,1.29
B004VLGQSY,9.99
B004W9CG5W,57.41
B004XE0P5E,24.97
B004XIQDYW,42.06
B004Y6CUKO,117.78
B004YMRRM4,1.29
B004ZEKCRI,35.72
B004ZIH70E,1.29
B004ZQBOXC,23.78
B0050CJNJ2,28.73
B0050N8O7I,1.29
B00518HAQI,39.14
B0051QJ9EG,1.29
B0051QJ87Y,0.69
B0051QK8PU,1.29
B0051QU0M6,
B0053ERWGI,34.9
B0053FP1PQ,27.42
B005636AJQ,0.69
B005636AFU,1.29
B005775NXK,25.93
B0057UVLVK,1.29
B0057UVMG4,9.49
B0059H09DC,0.69
B005AJ8A94,5.99
B005BJ7Y54,44.12
B005D5MA3W,9.49
B005DCAECE,5.99
B005DEVH50,27.48
B005E7ANU6,41.94
B005EHNEDO,41.74
B005ELQVGW,37.09
B005EMNL4G,32.32
B005F1WJ62,1.29
B005F6NA56,30.75
B005GXPSO4,24.86
B005HI7NP0,26.36
B005HWUBUK,48.35
B005I0C4I8,0.69
B005I0DM52,1.29
B005I4UM1K,22.98
B005IKZ2W8,0.99
B005IVUWVS,0.69
B005IXKMNO,1.29
B005LAZOZU,1.29
B005LAZP18,1.29
B005LMEFQC,1.29
B005LMEFEY,1.29
B005LTB1P8,0.69
B005M2UBE6,0.99
B005MVR6CM,39.04
B005NMAX8E,1.29
B005NVXS2I,0.0
B005OBMQAW,30.96
B005QIBP82,1.29
B005QJZ5FA,31.38
B005RVXYMI,0.69
B005T166VC,1.29
B005T18DB8,1.29
B005TD312W,1.29
B005VD8G7A,0.99
B005VPSEVG,1.29
B005W3G2RA,1.29
B005XOPFWQ,0.69
B0060BHDVC,1.29
B0062WV57W,1.29
B0062WV70W,0.0
B0062Y9DCY,27.1
B0067DA11M,0.69
B0067FGYGQ,25.55
B0067LY4WG,36.91
B00689J5PI,1.29
B0068N92P2,1.29
B006AR2D1G,0.69
B006BXTU6A,0.99
B006G8WWAG,
B006GH6HSK,45.57
B006HH5Z8W,22.88
B006HH614O,45.15
B006LQQ1GE,31.6
B006LWT3FO,7.99
B006M4RN3U,24.66
B006M6W0AY,1.29
B006NO03UE,26.22
B006OAB2WK,42.19
B006OAMVQ6,1.29
B006OITIWS,1.29
B006Q77W8Y,1.29
B006UFH5JS,22.48
B006UFH4N0,34.12
B006VE678S,68.59
B006VRG3K2,0.69
B006VRGLZY,0.99
B006WWTJJ8,33.65
B006X9GEW0,1.29
B006ZZANG0,38.37
B0072IVGRY,36.36
B0074EIQS8,30.77
B0074EIQQU,34.55
B0074MZSPO,38.53
B0075MFS9Y,25.0
B0076QWBJY,0.99
B0078ZC5JE,1.29
B007B6VOII,0.0
B007B6VOO2,1.29
B007BZM30M,0.69
B007CKNX28,25.66
B007DIQAXI,31.99
B007EM6FTW,14.99
B007F1Q7HC,35.76
B007FNN9BW,1.29
B007HRXJVG,39.04
B007IPAOJW,26.15
B007JOM5XA,1.29
B007LNJ3YS,50.36
B007M43HPM,1.29
B007M45QRE,0.0
B007MDQW3C,47.49
B007PAANYG,44.47
B007PSPRVM,1.29
B007PXNUMU,34.19
B007PXZCP8,1.29
B007QXXS80,0.69
B007RI58VE,1.29
B007RJJTTU,37.5
B007RX32XK,31.97
B007U20ZQA,1.29
B007U732B0,1.29
B007USNOUS,0.69
B007V1VS1G,26.87
B007VDWGJW,30.21
B007VF2PAA,1.29
B007X2N4XI,0.69
B007YVUE8Q,1.29
B00817PG30,38.33
B0081PHZ4K,8.99
B0083EM24C,28.82
B0083EYA74,9.49
B0083EYC4A,1.29
B00849J6M2,1.29
B0084O30TC,5.0
B0088XX3VY,1.29
B0089H3HW4,9.49
B008A40XWS,11.88
B008AU7F3C,49.44
B008AV39AO,1.29
B008B0WOQO,33.47
B008B11R1Q,36.97
B008B3H6M8,1.29
B008BDZOXQ,40.38
B008BUFQY6,0.69
B008C0ZJRY,8.99
B008DVJMAW,20.0
B008FTAB98,9.99
B008G12ERC,22.4
B008G25HZC,
B008GX2YQQ,21.27
B008IH2MY4,29.79
B008IMYJNQ,1.29
B008IXPZEM,9.99
B008JFC6F0,33.31
B008K7WCJM,33.69
B008K9SG9K,19.99
B008KWHKGM,37.44
B008NEVP1S,19.85
B008QWPGUI,1.29
B008R3EYD6,33.73
B008RYN44U,27.9
B008U8I380,1.29
B008UTV73W,46.78
B008VNCPQK,1.29
B008XBRV6Y,1.29
B008XCJ0KI,0.69
B008YEX4G6,46.36
B0090OPBTC,29.99
B0091G7BEC,31.61
B00936A21O,40.98
B00940XGHG,1.29
B00970FKQ8,1.29
B0098X06XQ,7.99
B0099G6UPU,0.69
B009B1UZ7C,30.0
B009BKTUMY,1.29
B009BKTU9C,1.29
B009D9L77Y,1.29
B009EANFQ8,1.29
B009G3T1J8,1.29
B009G78HXA,1.29
B009G78G2C,1.29
B009G78GRW,1.29
B009G8GTFM,1.29
B009J6QEKG,0.0
B009JDTS48,0.0
B009JDUXWY,1.29
B009KGKF3M,1.29
B009KGKE0Q,1.29
B009KU6NFC,9.99
B009KUAOH0,1.29
B009L5EOCU,1.29
B009O6TB0Q,1.29
B009PEKSWC,1.29
B009PHQ9OA,33.45
B009RFIVXC,21.88
B009RRNIO2,13.49
B009TZC03W,1.29
B009XC8R42,20.48
B009XC8Q6Q,31.78
B009Y2KRIA,0.99
B009Y4FXT6,1.29
B009Y8EGCC,1.29
B009Y8EB5E,1.29
B009YU718Q,1.29
B00A1XIXKK,39.6
B00A2YJQK4,0.99
B00A3AX9VY,1.29
B00A3OT5A4,1.29
B00A3OTU5O,1.29
B00A4EDAN6,45.83
B00A50PDDY,17.98
B00A6RVRXG,30.87
B00A7ZX0GE,1.29
B00A7ZWXIA,1.29
B00A7ZWW3G,1.29
B00AA0TZTW,25.86
B00AAJFAP6,1.29
B00AALKUVI,1.29
B00ADYYF6S,0.99
B00AF6B0VM,28.45
B00AF6PILU,1.29
B00AG6Z5U8,20.0
B00AHXDKO8,1.29
B00AHXIDNQ,1.29
B00AHXIDA4,1.29
B00AHXICXW,1.29
B00AHXDGBA,1.29
B00AHXIEFS,1.29
B00AIFTHFG,38.58
B00AIGPIZI,0.99
B00AJ3TMSE,33.86
B00AJ3TNRE,26.98
B00AJRQP58,1.29
B00AN1IH1K,12.49
B00AQUUCNO,1.29
B00ASYVFEI,7.99
B00AVFGBES,1.29
B00B0NEH8C,8.99
B00B0POQ1I,8.99
B00B10X9BK,33.77
B00B165ELW,1.29
B00B2IL2H4,9.49
B00B3BE4Z2,5.99
B00B6QWWE4,1.29
B00B7LYJYE,25.83
B00B80UFA6,6.99
B00B8P33AU,1.29
B00B928370,1.29
B00B97TNVU,1.29
B00BB22GQM,34.57
B00BDSRER0,32.86
B00BEFKCYE,7.99
B00BEKM08K,1.29
B00BEOYPCK,42.16
B00BF3AVPA,32.42
B00BFI7RV6,9.99
B00BFI1M6M,5.94
B00BHL4KP2,1.29
B00BI6SSMC,33.87
B00BLSJI80,25.0
B00BQ1DAQI,27.35
B00BTKDYOO,4.99
B00BTZNEZS,0.69
B00BWLKT9I,28.89
B00BYISQTO,37.81
B00BYM83U2,1.29
B00BZH7OHO,31.89
B00BZIOAOS,0.69
B00C0NFPTQ,1.29
B00C0NFOSI,1.29
B00C591KO4,1.29
B00C5CMOGO,0.69
B00C5COS18,7.49
B00C5ZSK2S,9.49
B00C5ZMQG4,13.49
B00CAZOHDO,8.99
B00CBXKGO4,0.0
B00CD6JBLS,7.99
B00CDX176I,0.89
B00CDX17L8,0.99
B00CEIGYAG,1.29
B00CF7PG5U,23.99
B00CL8D83U,45.26
B00CM6ZM1W,1.29
B00CM70PUE,3.99
B00CM6ZNO8,1.29
B00CRMX53S,1.29
B00CRS5ILY,1.29
B00CUKTG2Q,18.99
B00CVB6V22,32.96
B00CY1NA7S,1.29
B00D2DM0HS,7.99
B00D4D90D8,46.74
B00D9FTNFQ,21.98
B00DBRT59G,41.29
B00DJYJO3I,26.57
B00DLA60FU,0.0
B00DN14LXA,0.69
B00DRDSL4Y,1.29
B00DX88EJ0,33.76
B00DYFCYSO,33.87
B00DYWKPAQ,22.22
B00DZAWPX2,32.94
B00E0FPHTA,1.29
B00E4AQH68,10.99
B00E59KZOI,1.29
B00ECJ2HEW,1.29
B00EH49DXA,1.29
B00EH49FRE,1.29
B00EMAGHZG,24.87
B00EOFJAT4,0.69
B00EPQQ30Q,1.29
B00ERMICGQ,1.29
B00ERMICY8,1.29
B00EW0VRQ0,1.29
B00EWS5IO4,7.74
B00F0AIE4E,0.69
B00F0AIBJC,0.69
B00F1CRRIU,31.4
B00F5HWC54,32.39
B00F5NQYS4,1.29
B00F853JY6,1.29
B00F94RZV4,1.29
B00FAEQ22G,1.29
B00FAEQ65Y,3.99
B00FAEPGA0,0.0
B00FB029E4,47.42
B00FHAB7PK,1.29
B00FN8H8XG,13.49
B00FP1NNJY,1.29
B00FR0MC1I,1.09
B00FW7T99E,13.49
B00FX8F0AY,1.29
B00FX8F5HW,1.29
B00FX8F6VM,1.29
B00FX8FWRU,1.29
B00FX8FY14,1.29
B00FY9KQ9C,1.09
B00G2UMPTG,13.49
B00G4O1XAC,1.29
B00G4SS24I,1.29
B00G5WK5YS,44.66
B00GANUEDY,1.09
B00GBCN7WO,1.29
B00GH0QOJ8,42.76
B00GHJ6VME,1.29
B00GHJ77KO,1.29
B00GKBFS4Q,13.49
B00GLQQ24A,1.29
B00GRYKUAI,0.99
B00GSM4LUE,1.09
B00GTZ6O2S,1.09
B00GZAHGI8,36.97
B00H4BVPUM,39.97
B00HFEC192,1.29
B00HS7BZIE,41.18
B00HUAP0NK,30.87
B00HZJH9BC,21.87
B00IDXIP1M,1.29
B00II5VHBU,1.29
B00IOVH8AW,0.99
B00IXZ9QP4,1.29
B00J80ED9M,9.49
B00JJCQRDE,0.99
B00JJOG5D4,1.29
B00JRBLSR2,1.29
B00JTHVWO8,1.29
B00JYKU6BK,1.29
B00KILDVEI,0.69
